2025-10-07 07:12:33,268 - INFO - Initializing DataProcessor for fine-tuning...
2025-10-07 07:12:58,119 - INFO - Loading pretrained model from: /data/A-SpeedTransformer/models/transformer/experiments/mobis_transformer_sweeps/mobis_lr1e-4_bs512_h8_d128_kv4_do0.1/best_model.pth
2025-10-07 07:12:58,142 - INFO - Frozen: Attention mechanisms in all unfrozen layers
2025-10-07 07:12:58,143 - INFO - [Epoch 1/60]
2025-10-07 07:13:03,174 - INFO - Train Loss: 3.1873, Train Acc: 0.3530
2025-10-07 07:13:03,174 - INFO - Val   Loss: 2.6682, Val   Acc: 0.5764
2025-10-07 07:13:03,219 - INFO -   -> Best fine-tuned model saved.
2025-10-07 07:13:03,220 - INFO - [Epoch 2/60]
2025-10-07 07:13:07,872 - INFO - Train Loss: 3.2032, Train Acc: 0.3562
2025-10-07 07:13:07,872 - INFO - Val   Loss: 2.6682, Val   Acc: 0.5764
2025-10-07 07:13:07,872 - INFO -   -> No improvement (1/7)
2025-10-07 07:13:07,873 - INFO - [Epoch 3/60]
2025-10-07 07:13:12,488 - INFO - Train Loss: 3.1987, Train Acc: 0.3627
2025-10-07 07:13:12,488 - INFO - Val   Loss: 2.6682, Val   Acc: 0.5764
2025-10-07 07:13:12,488 - INFO -   -> No improvement (2/7)
2025-10-07 07:13:12,488 - INFO - [Epoch 4/60]
2025-10-07 07:13:17,100 - INFO - Train Loss: 2.8928, Train Acc: 0.4431
2025-10-07 07:13:17,100 - INFO - Val   Loss: 2.3544, Val   Acc: 0.5836
2025-10-07 07:13:17,145 - INFO -   -> Best fine-tuned model saved.
2025-10-07 07:13:17,146 - INFO - [Epoch 5/60]
2025-10-07 07:13:21,775 - INFO - Train Loss: 2.2292, Train Acc: 0.5397
2025-10-07 07:13:21,776 - INFO - Val   Loss: 1.9154, Val   Acc: 0.5820
2025-10-07 07:13:21,776 - INFO -   -> No improvement (1/7)
2025-10-07 07:13:21,777 - INFO - [Epoch 6/60]
2025-10-07 07:13:26,392 - INFO - Train Loss: 1.6752, Train Acc: 0.5773
2025-10-07 07:13:26,393 - INFO - Val   Loss: 1.4837, Val   Acc: 0.6152
2025-10-07 07:13:26,422 - INFO -   -> Best fine-tuned model saved.
2025-10-07 07:13:26,422 - INFO - [Epoch 7/60]
2025-10-07 07:13:31,084 - INFO - Train Loss: 1.2097, Train Acc: 0.6320
2025-10-07 07:13:31,084 - INFO - Val   Loss: 1.3755, Val   Acc: 0.6036
2025-10-07 07:13:31,085 - INFO -   -> No improvement (1/7)
2025-10-07 07:13:31,085 - INFO - [Epoch 8/60]
2025-10-07 07:13:35,713 - INFO - Train Loss: 0.9870, Train Acc: 0.6373
2025-10-07 07:13:35,714 - INFO - Val   Loss: 1.3201, Val   Acc: 0.5980
2025-10-07 07:13:35,714 - INFO -   -> No improvement (2/7)
2025-10-07 07:13:35,714 - INFO - [Epoch 9/60]
2025-10-07 07:13:40,332 - INFO - Train Loss: 0.7529, Train Acc: 0.7511
2025-10-07 07:13:40,332 - INFO - Val   Loss: 1.1617, Val   Acc: 0.6404
2025-10-07 07:13:40,370 - INFO -   -> Best fine-tuned model saved.
2025-10-07 07:13:40,371 - INFO - [Epoch 10/60]
2025-10-07 07:13:45,027 - INFO - Train Loss: 0.5032, Train Acc: 0.8251
2025-10-07 07:13:45,028 - INFO - Val   Loss: 1.0259, Val   Acc: 0.6900
2025-10-07 07:13:45,073 - INFO -   -> Best fine-tuned model saved.
2025-10-07 07:13:45,074 - INFO - [Epoch 11/60]
2025-10-07 07:13:49,712 - INFO - Train Loss: 0.3596, Train Acc: 0.8841
2025-10-07 07:13:49,713 - INFO - Val   Loss: 0.9659, Val   Acc: 0.7304
2025-10-07 07:13:49,744 - INFO -   -> Best fine-tuned model saved.
2025-10-07 07:13:49,744 - INFO - [Epoch 12/60]
2025-10-07 07:13:54,384 - INFO - Train Loss: 0.3039, Train Acc: 0.9077
2025-10-07 07:13:54,384 - INFO - Val   Loss: 0.9359, Val   Acc: 0.7411
2025-10-07 07:13:54,427 - INFO -   -> Best fine-tuned model saved.
2025-10-07 07:13:54,427 - INFO - [Epoch 13/60]
2025-10-07 07:13:59,038 - INFO - Train Loss: 0.2847, Train Acc: 0.9163
2025-10-07 07:13:59,039 - INFO - Val   Loss: 0.9020, Val   Acc: 0.7534
2025-10-07 07:13:59,067 - INFO -   -> Best fine-tuned model saved.
2025-10-07 07:13:59,067 - INFO - [Epoch 14/60]
2025-10-07 07:14:03,726 - INFO - Train Loss: 0.2497, Train Acc: 0.9217
2025-10-07 07:14:03,726 - INFO - Val   Loss: 0.8537, Val   Acc: 0.7700
2025-10-07 07:14:03,764 - INFO -   -> Best fine-tuned model saved.
2025-10-07 07:14:03,765 - INFO - [Epoch 15/60]
2025-10-07 07:14:08,434 - INFO - Train Loss: 0.2269, Train Acc: 0.9260
2025-10-07 07:14:08,434 - INFO - Val   Loss: 0.7993, Val   Acc: 0.7866
2025-10-07 07:14:08,469 - INFO -   -> Best fine-tuned model saved.
2025-10-07 07:14:08,470 - INFO - [Epoch 16/60]
2025-10-07 07:14:13,108 - INFO - Train Loss: 0.2041, Train Acc: 0.9324
2025-10-07 07:14:13,109 - INFO - Val   Loss: 0.7505, Val   Acc: 0.7982
2025-10-07 07:14:13,148 - INFO -   -> Best fine-tuned model saved.
2025-10-07 07:14:13,149 - INFO - [Epoch 17/60]
2025-10-07 07:14:17,826 - INFO - Train Loss: 0.1824, Train Acc: 0.9335
2025-10-07 07:14:17,827 - INFO - Val   Loss: 0.7134, Val   Acc: 0.8056
2025-10-07 07:14:17,865 - INFO -   -> Best fine-tuned model saved.
2025-10-07 07:14:17,866 - INFO - [Epoch 18/60]
2025-10-07 07:14:22,529 - INFO - Train Loss: 0.1620, Train Acc: 0.9431
2025-10-07 07:14:22,529 - INFO - Val   Loss: 0.6887, Val   Acc: 0.8079
2025-10-07 07:14:22,563 - INFO -   -> Best fine-tuned model saved.
2025-10-07 07:14:22,564 - INFO - [Epoch 19/60]
2025-10-07 07:14:27,215 - INFO - Train Loss: 0.1557, Train Acc: 0.9378
2025-10-07 07:14:27,216 - INFO - Val   Loss: 0.6718, Val   Acc: 0.8106
2025-10-07 07:14:27,272 - INFO -   -> Best fine-tuned model saved.
2025-10-07 07:14:27,272 - INFO - [Epoch 20/60]
2025-10-07 07:14:31,857 - INFO - Train Loss: 0.1420, Train Acc: 0.9431
2025-10-07 07:14:31,858 - INFO - Val   Loss: 0.6575, Val   Acc: 0.8147
2025-10-07 07:14:31,906 - INFO -   -> Best fine-tuned model saved.
2025-10-07 07:14:31,907 - INFO - [Epoch 21/60]
2025-10-07 07:14:36,547 - INFO - Train Loss: 0.1291, Train Acc: 0.9410
2025-10-07 07:14:36,547 - INFO - Val   Loss: 0.6435, Val   Acc: 0.8194
2025-10-07 07:14:36,579 - INFO -   -> Best fine-tuned model saved.
2025-10-07 07:14:36,579 - INFO - [Epoch 22/60]
2025-10-07 07:14:41,188 - INFO - Train Loss: 0.1157, Train Acc: 0.9571
2025-10-07 07:14:41,188 - INFO - Val   Loss: 0.6374, Val   Acc: 0.8258
2025-10-07 07:14:41,217 - INFO -   -> Best fine-tuned model saved.
2025-10-07 07:14:41,217 - INFO - [Epoch 23/60]
2025-10-07 07:14:45,805 - INFO - Train Loss: 0.1067, Train Acc: 0.9614
2025-10-07 07:14:45,805 - INFO - Val   Loss: 0.6346, Val   Acc: 0.8284
2025-10-07 07:14:45,836 - INFO -   -> Best fine-tuned model saved.
2025-10-07 07:14:45,836 - INFO - [Epoch 24/60]
2025-10-07 07:14:50,458 - INFO - Train Loss: 0.1030, Train Acc: 0.9624
2025-10-07 07:14:50,459 - INFO - Val   Loss: 0.6312, Val   Acc: 0.8312
2025-10-07 07:14:50,494 - INFO -   -> Best fine-tuned model saved.
2025-10-07 07:14:50,495 - INFO - [Epoch 25/60]
2025-10-07 07:14:55,127 - INFO - Train Loss: 0.0956, Train Acc: 0.9657
2025-10-07 07:14:55,128 - INFO - Val   Loss: 0.6288, Val   Acc: 0.8341
2025-10-07 07:14:55,163 - INFO -   -> Best fine-tuned model saved.
2025-10-07 07:14:55,164 - INFO - [Epoch 26/60]
2025-10-07 07:14:59,801 - INFO - Train Loss: 0.0844, Train Acc: 0.9721
2025-10-07 07:14:59,801 - INFO - Val   Loss: 0.6336, Val   Acc: 0.8347
2025-10-07 07:14:59,831 - INFO -   -> Best fine-tuned model saved.
2025-10-07 07:14:59,832 - INFO - [Epoch 27/60]
2025-10-07 07:15:04,454 - INFO - Train Loss: 0.0794, Train Acc: 0.9732
2025-10-07 07:15:04,454 - INFO - Val   Loss: 0.6176, Val   Acc: 0.8385
2025-10-07 07:15:04,485 - INFO -   -> Best fine-tuned model saved.
2025-10-07 07:15:04,485 - INFO - [Epoch 28/60]
2025-10-07 07:15:09,087 - INFO - Train Loss: 0.0716, Train Acc: 0.9742
2025-10-07 07:15:09,087 - INFO - Val   Loss: 0.6172, Val   Acc: 0.8423
2025-10-07 07:15:09,139 - INFO -   -> Best fine-tuned model saved.
2025-10-07 07:15:09,140 - INFO - [Epoch 29/60]
2025-10-07 07:15:13,947 - INFO - Train Loss: 0.0680, Train Acc: 0.9764
2025-10-07 07:15:13,947 - INFO - Val   Loss: 0.5970, Val   Acc: 0.8494
2025-10-07 07:15:13,987 - INFO -   -> Best fine-tuned model saved.
2025-10-07 07:15:13,987 - INFO - [Epoch 30/60]
2025-10-07 07:15:18,575 - INFO - Train Loss: 0.0619, Train Acc: 0.9785
2025-10-07 07:15:18,575 - INFO - Val   Loss: 0.6026, Val   Acc: 0.8521
2025-10-07 07:15:18,609 - INFO -   -> Best fine-tuned model saved.
2025-10-07 07:15:18,609 - INFO - [Epoch 31/60]
2025-10-07 07:15:23,293 - INFO - Train Loss: 0.0601, Train Acc: 0.9796
2025-10-07 07:15:23,293 - INFO - Val   Loss: 0.5891, Val   Acc: 0.8571
2025-10-07 07:15:23,322 - INFO -   -> Best fine-tuned model saved.
2025-10-07 07:15:23,323 - INFO - [Epoch 32/60]
2025-10-07 07:15:27,988 - INFO - Train Loss: 0.0597, Train Acc: 0.9775
2025-10-07 07:15:27,989 - INFO - Val   Loss: 0.5882, Val   Acc: 0.8582
2025-10-07 07:15:28,021 - INFO -   -> Best fine-tuned model saved.
2025-10-07 07:15:28,021 - INFO - [Epoch 33/60]
2025-10-07 07:15:32,696 - INFO - Train Loss: 0.0555, Train Acc: 0.9785
2025-10-07 07:15:32,697 - INFO - Val   Loss: 0.5823, Val   Acc: 0.8586
2025-10-07 07:15:32,725 - INFO -   -> Best fine-tuned model saved.
2025-10-07 07:15:32,726 - INFO - [Epoch 34/60]
2025-10-07 07:15:37,355 - INFO - Train Loss: 0.0503, Train Acc: 0.9850
2025-10-07 07:15:37,356 - INFO - Val   Loss: 0.5637, Val   Acc: 0.8616
2025-10-07 07:15:37,385 - INFO -   -> Best fine-tuned model saved.
2025-10-07 07:15:37,386 - INFO - [Epoch 35/60]
2025-10-07 07:15:42,018 - INFO - Train Loss: 0.0480, Train Acc: 0.9818
2025-10-07 07:15:42,019 - INFO - Val   Loss: 0.5673, Val   Acc: 0.8614
2025-10-07 07:15:42,019 - INFO -   -> No improvement (1/7)
2025-10-07 07:15:42,020 - INFO - [Epoch 36/60]
2025-10-07 07:15:46,636 - INFO - Train Loss: 0.0405, Train Acc: 0.9871
2025-10-07 07:15:46,636 - INFO - Val   Loss: 0.5746, Val   Acc: 0.8611
2025-10-07 07:15:46,636 - INFO -   -> No improvement (2/7)
2025-10-07 07:15:46,636 - INFO - [Epoch 37/60]
2025-10-07 07:15:51,263 - INFO - Train Loss: 0.0401, Train Acc: 0.9850
2025-10-07 07:15:51,264 - INFO - Val   Loss: 0.5908, Val   Acc: 0.8595
2025-10-07 07:15:51,264 - INFO -   -> No improvement (3/7)
2025-10-07 07:15:51,265 - INFO - [Epoch 38/60]
2025-10-07 07:15:55,915 - INFO - Train Loss: 0.0400, Train Acc: 0.9850
2025-10-07 07:15:55,916 - INFO - Val   Loss: 0.5688, Val   Acc: 0.8632
2025-10-07 07:15:55,945 - INFO -   -> Best fine-tuned model saved.
2025-10-07 07:15:55,945 - INFO - [Epoch 39/60]
2025-10-07 07:16:00,572 - INFO - Train Loss: 0.0448, Train Acc: 0.9818
2025-10-07 07:16:00,573 - INFO - Val   Loss: 0.5572, Val   Acc: 0.8648
2025-10-07 07:16:00,604 - INFO -   -> Best fine-tuned model saved.
2025-10-07 07:16:00,604 - INFO - [Epoch 40/60]
2025-10-07 07:16:05,249 - INFO - Train Loss: 0.0370, Train Acc: 0.9850
2025-10-07 07:16:05,250 - INFO - Val   Loss: 0.5896, Val   Acc: 0.8611
2025-10-07 07:16:05,250 - INFO -   -> No improvement (1/7)
2025-10-07 07:16:05,251 - INFO - [Epoch 41/60]
2025-10-07 07:16:09,884 - INFO - Train Loss: 0.0347, Train Acc: 0.9871
2025-10-07 07:16:09,884 - INFO - Val   Loss: 0.5707, Val   Acc: 0.8676
2025-10-07 07:16:09,913 - INFO -   -> Best fine-tuned model saved.
2025-10-07 07:16:09,913 - INFO - [Epoch 42/60]
2025-10-07 07:16:14,512 - INFO - Train Loss: 0.0334, Train Acc: 0.9839
2025-10-07 07:16:14,512 - INFO - Val   Loss: 0.5733, Val   Acc: 0.8693
2025-10-07 07:16:14,539 - INFO -   -> Best fine-tuned model saved.
2025-10-07 07:16:14,540 - INFO - [Epoch 43/60]
2025-10-07 07:16:19,174 - INFO - Train Loss: 0.0323, Train Acc: 0.9828
2025-10-07 07:16:19,174 - INFO - Val   Loss: 0.5875, Val   Acc: 0.8664
2025-10-07 07:16:19,174 - INFO -   -> No improvement (1/7)
2025-10-07 07:16:19,174 - INFO - [Epoch 44/60]
2025-10-07 07:16:23,839 - INFO - Train Loss: 0.0307, Train Acc: 0.9893
2025-10-07 07:16:23,839 - INFO - Val   Loss: 0.6011, Val   Acc: 0.8625
2025-10-07 07:16:23,839 - INFO -   -> No improvement (2/7)
2025-10-07 07:16:23,840 - INFO - [Epoch 45/60]
2025-10-07 07:16:28,445 - INFO - Train Loss: 0.0338, Train Acc: 0.9839
2025-10-07 07:16:28,446 - INFO - Val   Loss: 0.6227, Val   Acc: 0.8602
2025-10-07 07:16:28,446 - INFO -   -> No improvement (3/7)
2025-10-07 07:16:28,446 - INFO - [Epoch 46/60]
2025-10-07 07:16:33,071 - INFO - Train Loss: 0.0299, Train Acc: 0.9871
2025-10-07 07:16:33,071 - INFO - Val   Loss: 0.6132, Val   Acc: 0.8662
2025-10-07 07:16:33,071 - INFO -   -> No improvement (4/7)
2025-10-07 07:16:33,071 - INFO - [Epoch 47/60]
2025-10-07 07:16:37,688 - INFO - Train Loss: 0.0282, Train Acc: 0.9903
2025-10-07 07:16:37,689 - INFO - Val   Loss: 0.6133, Val   Acc: 0.8673
2025-10-07 07:16:37,689 - INFO -   -> No improvement (5/7)
2025-10-07 07:16:37,689 - INFO - [Epoch 48/60]
2025-10-07 07:16:42,335 - INFO - Train Loss: 0.0269, Train Acc: 0.9871
2025-10-07 07:16:42,335 - INFO - Val   Loss: 0.6206, Val   Acc: 0.8622
2025-10-07 07:16:42,335 - INFO -   -> No improvement (6/7)
2025-10-07 07:16:42,335 - INFO - [Epoch 49/60]
2025-10-07 07:16:46,994 - INFO - Train Loss: 0.0274, Train Acc: 0.9893
2025-10-07 07:16:46,994 - INFO - Val   Loss: 0.6085, Val   Acc: 0.8640
2025-10-07 07:16:46,994 - INFO -   -> No improvement (7/7)
2025-10-07 07:16:46,995 - INFO - Early stopping triggered.
2025-10-07 07:16:46,995 - INFO - 
Loading best fine-tuned model from /data/A-SpeedTransformer/models/transformer/experiments/finetune_lowshot/train100_lr2e-4_warmup0_freeze_attention/best_model.pth for final evaluation...
2025-10-07 07:16:55,215 - INFO - Test Loss: 0.6211, Test Accuracy: 0.8580
2025-10-07 07:16:55,249 - INFO - Classification Report:
              precision    recall  f1-score   support

        bike       0.94      0.78      0.85      5999
         bus       0.93      0.87      0.90      8337
         car       0.68      0.75      0.71      5237
       train       0.79      0.80      0.80      6872
        walk       0.91      0.99      0.95      9304

    accuracy                           0.86     35749
   macro avg       0.85      0.84      0.84     35749
weighted avg       0.86      0.86      0.86     35749

2025-10-07 07:16:55,637 - INFO - Saved confusion_matrix_finetune.png
2025-10-07 07:17:10,761 - INFO - Initializing DataProcessor for fine-tuning...
2025-10-07 07:17:34,151 - INFO - Loading pretrained model from: /data/A-SpeedTransformer/models/transformer/experiments/mobis_transformer_sweeps/mobis_lr1e-4_bs512_h8_d128_kv4_do0.1/best_model.pth
2025-10-07 07:17:34,169 - INFO - Frozen: Attention mechanisms in all unfrozen layers
2025-10-07 07:17:34,170 - INFO - [Epoch 1/60]
2025-10-07 07:17:39,333 - INFO - Train Loss: 3.1988, Train Acc: 0.4071
2025-10-07 07:17:39,333 - INFO - Val   Loss: 2.4862, Val   Acc: 0.5708
2025-10-07 07:17:39,364 - INFO -   -> Best fine-tuned model saved.
2025-10-07 07:17:39,364 - INFO - [Epoch 2/60]
2025-10-07 07:17:44,253 - INFO - Train Loss: 3.1848, Train Acc: 0.4057
2025-10-07 07:17:44,253 - INFO - Val   Loss: 2.4862, Val   Acc: 0.5708
2025-10-07 07:17:44,253 - INFO -   -> No improvement (1/7)
2025-10-07 07:17:44,253 - INFO - [Epoch 3/60]
2025-10-07 07:17:49,153 - INFO - Train Loss: 2.6424, Train Acc: 0.4799
2025-10-07 07:17:49,154 - INFO - Val   Loss: 1.8432, Val   Acc: 0.6059
2025-10-07 07:17:49,187 - INFO -   -> Best fine-tuned model saved.
2025-10-07 07:17:49,187 - INFO - [Epoch 4/60]
2025-10-07 07:17:54,139 - INFO - Train Loss: 1.5354, Train Acc: 0.6083
2025-10-07 07:17:54,139 - INFO - Val   Loss: 1.4491, Val   Acc: 0.6165
2025-10-07 07:17:54,168 - INFO -   -> Best fine-tuned model saved.
2025-10-07 07:17:54,168 - INFO - [Epoch 5/60]
2025-10-07 07:17:59,032 - INFO - Train Loss: 1.0700, Train Acc: 0.6477
2025-10-07 07:17:59,032 - INFO - Val   Loss: 1.3388, Val   Acc: 0.6102
2025-10-07 07:17:59,032 - INFO -   -> No improvement (1/7)
2025-10-07 07:17:59,032 - INFO - [Epoch 6/60]
2025-10-07 07:18:03,958 - INFO - Train Loss: 0.7874, Train Acc: 0.7487
2025-10-07 07:18:03,958 - INFO - Val   Loss: 1.0677, Val   Acc: 0.6975
2025-10-07 07:18:04,127 - INFO -   -> Best fine-tuned model saved.
2025-10-07 07:18:04,127 - INFO - [Epoch 7/60]
2025-10-07 07:18:09,040 - INFO - Train Loss: 0.4954, Train Acc: 0.8583
2025-10-07 07:18:09,040 - INFO - Val   Loss: 0.9058, Val   Acc: 0.7553
2025-10-07 07:18:09,068 - INFO -   -> Best fine-tuned model saved.
2025-10-07 07:18:09,068 - INFO - [Epoch 8/60]
2025-10-07 07:18:14,002 - INFO - Train Loss: 0.3854, Train Acc: 0.8650
2025-10-07 07:18:14,003 - INFO - Val   Loss: 0.8150, Val   Acc: 0.7728
2025-10-07 07:18:14,036 - INFO -   -> Best fine-tuned model saved.
2025-10-07 07:18:14,036 - INFO - [Epoch 9/60]
2025-10-07 07:18:18,954 - INFO - Train Loss: 0.3204, Train Acc: 0.8904
2025-10-07 07:18:18,955 - INFO - Val   Loss: 0.7196, Val   Acc: 0.7952
2025-10-07 07:18:19,033 - INFO -   -> Best fine-tuned model saved.
2025-10-07 07:18:19,033 - INFO - [Epoch 10/60]
2025-10-07 07:18:23,983 - INFO - Train Loss: 0.2630, Train Acc: 0.9017
2025-10-07 07:18:23,983 - INFO - Val   Loss: 0.6537, Val   Acc: 0.8103
2025-10-07 07:18:24,051 - INFO -   -> Best fine-tuned model saved.
2025-10-07 07:18:24,052 - INFO - [Epoch 11/60]
2025-10-07 07:18:29,023 - INFO - Train Loss: 0.2274, Train Acc: 0.9131
2025-10-07 07:18:29,024 - INFO - Val   Loss: 0.6430, Val   Acc: 0.8106
2025-10-07 07:18:29,056 - INFO -   -> Best fine-tuned model saved.
2025-10-07 07:18:29,057 - INFO - [Epoch 12/60]
2025-10-07 07:18:33,975 - INFO - Train Loss: 0.2042, Train Acc: 0.9158
2025-10-07 07:18:33,975 - INFO - Val   Loss: 0.5923, Val   Acc: 0.8201
2025-10-07 07:18:34,045 - INFO -   -> Best fine-tuned model saved.
2025-10-07 07:18:34,045 - INFO - [Epoch 13/60]
2025-10-07 07:18:38,969 - INFO - Train Loss: 0.1787, Train Acc: 0.9291
2025-10-07 07:18:38,969 - INFO - Val   Loss: 0.5594, Val   Acc: 0.8273
2025-10-07 07:18:39,236 - INFO -   -> Best fine-tuned model saved.
2025-10-07 07:18:39,237 - INFO - [Epoch 14/60]
2025-10-07 07:18:44,151 - INFO - Train Loss: 0.1640, Train Acc: 0.9352
2025-10-07 07:18:44,151 - INFO - Val   Loss: 0.5247, Val   Acc: 0.8391
2025-10-07 07:18:44,199 - INFO -   -> Best fine-tuned model saved.
2025-10-07 07:18:44,199 - INFO - [Epoch 15/60]
2025-10-07 07:18:49,127 - INFO - Train Loss: 0.1523, Train Acc: 0.9398
2025-10-07 07:18:49,127 - INFO - Val   Loss: 0.5197, Val   Acc: 0.8461
2025-10-07 07:18:49,168 - INFO -   -> Best fine-tuned model saved.
2025-10-07 07:18:49,169 - INFO - [Epoch 16/60]
2025-10-07 07:18:54,100 - INFO - Train Loss: 0.1429, Train Acc: 0.9465
2025-10-07 07:18:54,100 - INFO - Val   Loss: 0.4962, Val   Acc: 0.8553
2025-10-07 07:18:54,173 - INFO -   -> Best fine-tuned model saved.
2025-10-07 07:18:54,174 - INFO - [Epoch 17/60]
2025-10-07 07:18:59,097 - INFO - Train Loss: 0.1304, Train Acc: 0.9492
2025-10-07 07:18:59,097 - INFO - Val   Loss: 0.4992, Val   Acc: 0.8576
2025-10-07 07:18:59,173 - INFO -   -> Best fine-tuned model saved.
2025-10-07 07:18:59,173 - INFO - [Epoch 18/60]
2025-10-07 07:19:04,150 - INFO - Train Loss: 0.1228, Train Acc: 0.9499
2025-10-07 07:19:04,151 - INFO - Val   Loss: 0.4659, Val   Acc: 0.8660
2025-10-07 07:19:04,226 - INFO -   -> Best fine-tuned model saved.
2025-10-07 07:19:04,227 - INFO - [Epoch 19/60]
2025-10-07 07:19:09,160 - INFO - Train Loss: 0.1126, Train Acc: 0.9586
2025-10-07 07:19:09,160 - INFO - Val   Loss: 0.4532, Val   Acc: 0.8712
2025-10-07 07:19:09,196 - INFO -   -> Best fine-tuned model saved.
2025-10-07 07:19:09,197 - INFO - [Epoch 20/60]
2025-10-07 07:19:14,189 - INFO - Train Loss: 0.1105, Train Acc: 0.9586
2025-10-07 07:19:14,189 - INFO - Val   Loss: 0.4846, Val   Acc: 0.8645
2025-10-07 07:19:14,189 - INFO -   -> No improvement (1/7)
2025-10-07 07:19:14,189 - INFO - [Epoch 21/60]
2025-10-07 07:19:19,099 - INFO - Train Loss: 0.1013, Train Acc: 0.9599
2025-10-07 07:19:19,099 - INFO - Val   Loss: 0.4553, Val   Acc: 0.8744
2025-10-07 07:19:19,169 - INFO -   -> Best fine-tuned model saved.
2025-10-07 07:19:19,170 - INFO - [Epoch 22/60]
2025-10-07 07:19:24,168 - INFO - Train Loss: 0.0935, Train Acc: 0.9619
2025-10-07 07:19:24,169 - INFO - Val   Loss: 0.4690, Val   Acc: 0.8708
2025-10-07 07:19:24,169 - INFO -   -> No improvement (1/7)
2025-10-07 07:19:24,169 - INFO - [Epoch 23/60]
2025-10-07 07:19:29,104 - INFO - Train Loss: 0.0909, Train Acc: 0.9619
2025-10-07 07:19:29,105 - INFO - Val   Loss: 0.4543, Val   Acc: 0.8779
2025-10-07 07:19:29,136 - INFO -   -> Best fine-tuned model saved.
2025-10-07 07:19:29,137 - INFO - [Epoch 24/60]
2025-10-07 07:19:34,057 - INFO - Train Loss: 0.0844, Train Acc: 0.9672
2025-10-07 07:19:34,057 - INFO - Val   Loss: 0.4621, Val   Acc: 0.8770
2025-10-07 07:19:34,057 - INFO -   -> No improvement (1/7)
2025-10-07 07:19:34,058 - INFO - [Epoch 25/60]
2025-10-07 07:19:38,945 - INFO - Train Loss: 0.0829, Train Acc: 0.9659
2025-10-07 07:19:38,945 - INFO - Val   Loss: 0.4706, Val   Acc: 0.8750
2025-10-07 07:19:38,946 - INFO -   -> No improvement (2/7)
2025-10-07 07:19:38,946 - INFO - [Epoch 26/60]
2025-10-07 07:19:43,827 - INFO - Train Loss: 0.0811, Train Acc: 0.9699
2025-10-07 07:19:43,827 - INFO - Val   Loss: 0.4499, Val   Acc: 0.8770
2025-10-07 07:19:43,827 - INFO -   -> No improvement (3/7)
2025-10-07 07:19:43,828 - INFO - [Epoch 27/60]
2025-10-07 07:19:48,680 - INFO - Train Loss: 0.0782, Train Acc: 0.9679
2025-10-07 07:19:48,680 - INFO - Val   Loss: 0.4962, Val   Acc: 0.8675
2025-10-07 07:19:48,680 - INFO -   -> No improvement (4/7)
2025-10-07 07:19:48,681 - INFO - [Epoch 28/60]
2025-10-07 07:19:53,567 - INFO - Train Loss: 0.0756, Train Acc: 0.9713
2025-10-07 07:19:53,568 - INFO - Val   Loss: 0.4589, Val   Acc: 0.8770
2025-10-07 07:19:53,568 - INFO -   -> No improvement (5/7)
2025-10-07 07:19:53,568 - INFO - [Epoch 29/60]
2025-10-07 07:19:58,497 - INFO - Train Loss: 0.0677, Train Acc: 0.9739
2025-10-07 07:19:58,497 - INFO - Val   Loss: 0.4669, Val   Acc: 0.8797
2025-10-07 07:19:58,528 - INFO -   -> Best fine-tuned model saved.
2025-10-07 07:19:58,528 - INFO - [Epoch 30/60]
2025-10-07 07:20:03,493 - INFO - Train Loss: 0.0677, Train Acc: 0.9706
2025-10-07 07:20:03,493 - INFO - Val   Loss: 0.4927, Val   Acc: 0.8764
2025-10-07 07:20:03,493 - INFO -   -> No improvement (1/7)
2025-10-07 07:20:03,493 - INFO - [Epoch 31/60]
2025-10-07 07:20:08,415 - INFO - Train Loss: 0.0631, Train Acc: 0.9759
2025-10-07 07:20:08,415 - INFO - Val   Loss: 0.4759, Val   Acc: 0.8783
2025-10-07 07:20:08,416 - INFO -   -> No improvement (2/7)
2025-10-07 07:20:08,416 - INFO - [Epoch 32/60]
2025-10-07 07:20:13,441 - INFO - Train Loss: 0.0591, Train Acc: 0.9759
2025-10-07 07:20:13,441 - INFO - Val   Loss: 0.4602, Val   Acc: 0.8790
2025-10-07 07:20:13,441 - INFO -   -> No improvement (3/7)
2025-10-07 07:20:13,441 - INFO - [Epoch 33/60]
2025-10-07 07:20:18,290 - INFO - Train Loss: 0.0608, Train Acc: 0.9726
2025-10-07 07:20:18,291 - INFO - Val   Loss: 0.4604, Val   Acc: 0.8763
2025-10-07 07:20:18,291 - INFO -   -> No improvement (4/7)
2025-10-07 07:20:18,291 - INFO - [Epoch 34/60]
2025-10-07 07:20:23,212 - INFO - Train Loss: 0.0582, Train Acc: 0.9733
2025-10-07 07:20:23,212 - INFO - Val   Loss: 0.4702, Val   Acc: 0.8782
2025-10-07 07:20:23,212 - INFO -   -> No improvement (5/7)
2025-10-07 07:20:23,212 - INFO - [Epoch 35/60]
2025-10-07 07:20:28,156 - INFO - Train Loss: 0.0558, Train Acc: 0.9773
2025-10-07 07:20:28,157 - INFO - Val   Loss: 0.4766, Val   Acc: 0.8792
2025-10-07 07:20:28,157 - INFO -   -> No improvement (6/7)
2025-10-07 07:20:28,157 - INFO - [Epoch 36/60]
2025-10-07 07:20:33,115 - INFO - Train Loss: 0.0526, Train Acc: 0.9786
2025-10-07 07:20:33,115 - INFO - Val   Loss: 0.4852, Val   Acc: 0.8808
2025-10-07 07:20:33,147 - INFO -   -> Best fine-tuned model saved.
2025-10-07 07:20:33,148 - INFO - [Epoch 37/60]
2025-10-07 07:20:38,051 - INFO - Train Loss: 0.0511, Train Acc: 0.9806
2025-10-07 07:20:38,052 - INFO - Val   Loss: 0.4811, Val   Acc: 0.8804
2025-10-07 07:20:38,052 - INFO -   -> No improvement (1/7)
2025-10-07 07:20:38,052 - INFO - [Epoch 38/60]
2025-10-07 07:20:43,012 - INFO - Train Loss: 0.0478, Train Acc: 0.9806
2025-10-07 07:20:43,012 - INFO - Val   Loss: 0.4725, Val   Acc: 0.8793
2025-10-07 07:20:43,012 - INFO -   -> No improvement (2/7)
2025-10-07 07:20:43,013 - INFO - [Epoch 39/60]
2025-10-07 07:20:47,952 - INFO - Train Loss: 0.0485, Train Acc: 0.9820
2025-10-07 07:20:47,952 - INFO - Val   Loss: 0.4740, Val   Acc: 0.8779
2025-10-07 07:20:47,952 - INFO -   -> No improvement (3/7)
2025-10-07 07:20:47,952 - INFO - [Epoch 40/60]
2025-10-07 07:20:52,898 - INFO - Train Loss: 0.0480, Train Acc: 0.9806
2025-10-07 07:20:52,898 - INFO - Val   Loss: 0.4837, Val   Acc: 0.8793
2025-10-07 07:20:52,898 - INFO -   -> No improvement (4/7)
2025-10-07 07:20:52,899 - INFO - [Epoch 41/60]
2025-10-07 07:20:57,827 - INFO - Train Loss: 0.0438, Train Acc: 0.9813
2025-10-07 07:20:57,828 - INFO - Val   Loss: 0.4941, Val   Acc: 0.8778
2025-10-07 07:20:57,828 - INFO -   -> No improvement (5/7)
2025-10-07 07:20:57,828 - INFO - [Epoch 42/60]
2025-10-07 07:21:02,700 - INFO - Train Loss: 0.0434, Train Acc: 0.9840
2025-10-07 07:21:02,700 - INFO - Val   Loss: 0.5035, Val   Acc: 0.8778
2025-10-07 07:21:02,700 - INFO -   -> No improvement (6/7)
2025-10-07 07:21:02,700 - INFO - [Epoch 43/60]
2025-10-07 07:21:07,661 - INFO - Train Loss: 0.0409, Train Acc: 0.9860
2025-10-07 07:21:07,662 - INFO - Val   Loss: 0.4993, Val   Acc: 0.8750
2025-10-07 07:21:07,662 - INFO -   -> No improvement (7/7)
2025-10-07 07:21:07,662 - INFO - Early stopping triggered.
2025-10-07 07:21:07,663 - INFO - 
Loading best fine-tuned model from /data/A-SpeedTransformer/models/transformer/experiments/finetune_lowshot/train200_lr2e-4_warmup0_freeze_attention/best_model.pth for final evaluation...
2025-10-07 07:21:15,608 - INFO - Test Loss: 0.5046, Test Accuracy: 0.8722
2025-10-07 07:21:15,641 - INFO - Classification Report:
              precision    recall  f1-score   support

        bike       0.95      0.82      0.88      6036
         bus       0.96      0.88      0.92      8482
         car       0.71      0.83      0.76      5166
       train       0.83      0.77      0.80      5922
        walk       0.89      0.99      0.94      8924

    accuracy                           0.87     34530
   macro avg       0.87      0.86      0.86     34530
weighted avg       0.88      0.87      0.87     34530

2025-10-07 07:21:16,078 - INFO - Saved confusion_matrix_finetune.png
2025-10-07 07:25:55,682 - INFO - Initializing DataProcessor for fine-tuning...
2025-10-07 07:26:18,823 - INFO - Loading pretrained model from: /data/A-SpeedTransformer/models/transformer/experiments/mobis_transformer_sweeps/mobis_lr1e-4_bs512_h8_d128_kv4_do0.1/best_model.pth
2025-10-07 07:26:18,838 - INFO - Frozen: Attention mechanisms in all unfrozen layers
2025-10-07 07:26:18,839 - INFO - [Epoch 1/60]
2025-10-07 07:26:23,737 - INFO - Train Loss: 3.1873, Train Acc: 0.3530
2025-10-07 07:26:23,737 - INFO - Val   Loss: 2.6682, Val   Acc: 0.5764
2025-10-07 07:26:23,791 - INFO -   -> Best fine-tuned model saved.
2025-10-07 07:26:23,791 - INFO - [Epoch 2/60]
2025-10-07 07:26:28,362 - INFO - Train Loss: 3.2032, Train Acc: 0.3562
2025-10-07 07:26:28,363 - INFO - Val   Loss: 2.6682, Val   Acc: 0.5764
2025-10-07 07:26:28,363 - INFO -   -> No improvement (1/7)
2025-10-07 07:26:28,363 - INFO - [Epoch 3/60]
2025-10-07 07:26:32,959 - INFO - Train Loss: 3.1987, Train Acc: 0.3627
2025-10-07 07:26:32,960 - INFO - Val   Loss: 2.6682, Val   Acc: 0.5764
2025-10-07 07:26:32,960 - INFO -   -> No improvement (2/7)
2025-10-07 07:26:32,961 - INFO - [Epoch 4/60]
2025-10-07 07:26:37,587 - INFO - Train Loss: 2.8928, Train Acc: 0.4431
2025-10-07 07:26:37,587 - INFO - Val   Loss: 2.3544, Val   Acc: 0.5836
2025-10-07 07:26:37,624 - INFO -   -> Best fine-tuned model saved.
2025-10-07 07:26:37,624 - INFO - [Epoch 5/60]
2025-10-07 07:26:42,307 - INFO - Train Loss: 2.2292, Train Acc: 0.5397
2025-10-07 07:26:42,307 - INFO - Val   Loss: 1.9154, Val   Acc: 0.5820
2025-10-07 07:26:42,307 - INFO -   -> No improvement (1/7)
2025-10-07 07:26:42,307 - INFO - [Epoch 6/60]
2025-10-07 07:26:46,971 - INFO - Train Loss: 1.6752, Train Acc: 0.5773
2025-10-07 07:26:46,971 - INFO - Val   Loss: 1.4837, Val   Acc: 0.6152
2025-10-07 07:26:47,018 - INFO -   -> Best fine-tuned model saved.
2025-10-07 07:26:47,019 - INFO - [Epoch 7/60]
2025-10-07 07:26:51,649 - INFO - Train Loss: 1.2097, Train Acc: 0.6320
2025-10-07 07:26:51,649 - INFO - Val   Loss: 1.3755, Val   Acc: 0.6036
2025-10-07 07:26:51,650 - INFO -   -> No improvement (1/7)
2025-10-07 07:26:51,650 - INFO - [Epoch 8/60]
2025-10-07 07:26:56,343 - INFO - Train Loss: 0.9870, Train Acc: 0.6373
2025-10-07 07:26:56,343 - INFO - Val   Loss: 1.3201, Val   Acc: 0.5980
2025-10-07 07:26:56,343 - INFO -   -> No improvement (2/7)
2025-10-07 07:26:56,343 - INFO - [Epoch 9/60]
2025-10-07 07:27:00,989 - INFO - Train Loss: 0.7529, Train Acc: 0.7511
2025-10-07 07:27:00,989 - INFO - Val   Loss: 1.1617, Val   Acc: 0.6404
2025-10-07 07:27:01,020 - INFO -   -> Best fine-tuned model saved.
2025-10-07 07:27:01,020 - INFO - [Epoch 10/60]
2025-10-07 07:27:05,704 - INFO - Train Loss: 0.5032, Train Acc: 0.8251
2025-10-07 07:27:05,705 - INFO - Val   Loss: 1.0259, Val   Acc: 0.6900
2025-10-07 07:27:05,747 - INFO -   -> Best fine-tuned model saved.
2025-10-07 07:27:05,748 - INFO - [Epoch 11/60]
2025-10-07 07:27:10,429 - INFO - Train Loss: 0.3596, Train Acc: 0.8841
2025-10-07 07:27:10,430 - INFO - Val   Loss: 0.9659, Val   Acc: 0.7304
2025-10-07 07:27:10,460 - INFO -   -> Best fine-tuned model saved.
2025-10-07 07:27:10,460 - INFO - [Epoch 12/60]
2025-10-07 07:27:15,071 - INFO - Train Loss: 0.3039, Train Acc: 0.9077
2025-10-07 07:27:15,071 - INFO - Val   Loss: 0.9359, Val   Acc: 0.7411
2025-10-07 07:27:15,127 - INFO -   -> Best fine-tuned model saved.
2025-10-07 07:27:15,128 - INFO - [Epoch 13/60]
2025-10-07 07:27:19,732 - INFO - Train Loss: 0.2847, Train Acc: 0.9163
2025-10-07 07:27:19,733 - INFO - Val   Loss: 0.9020, Val   Acc: 0.7534
2025-10-07 07:27:19,764 - INFO -   -> Best fine-tuned model saved.
2025-10-07 07:27:19,765 - INFO - [Epoch 14/60]
2025-10-07 07:27:24,401 - INFO - Train Loss: 0.2497, Train Acc: 0.9217
2025-10-07 07:27:24,402 - INFO - Val   Loss: 0.8537, Val   Acc: 0.7700
2025-10-07 07:27:24,461 - INFO -   -> Best fine-tuned model saved.
2025-10-07 07:27:24,461 - INFO - [Epoch 15/60]
2025-10-07 07:27:29,152 - INFO - Train Loss: 0.2269, Train Acc: 0.9260
2025-10-07 07:27:29,152 - INFO - Val   Loss: 0.7993, Val   Acc: 0.7866
2025-10-07 07:27:29,205 - INFO -   -> Best fine-tuned model saved.
2025-10-07 07:27:29,206 - INFO - [Epoch 16/60]
2025-10-07 07:27:33,839 - INFO - Train Loss: 0.2041, Train Acc: 0.9324
2025-10-07 07:27:33,840 - INFO - Val   Loss: 0.7505, Val   Acc: 0.7982
2025-10-07 07:27:33,881 - INFO -   -> Best fine-tuned model saved.
2025-10-07 07:27:33,882 - INFO - [Epoch 17/60]
2025-10-07 07:27:38,542 - INFO - Train Loss: 0.1824, Train Acc: 0.9335
2025-10-07 07:27:38,542 - INFO - Val   Loss: 0.7134, Val   Acc: 0.8056
2025-10-07 07:27:38,572 - INFO -   -> Best fine-tuned model saved.
2025-10-07 07:27:38,572 - INFO - [Epoch 18/60]
2025-10-07 07:27:43,162 - INFO - Train Loss: 0.1620, Train Acc: 0.9431
2025-10-07 07:27:43,163 - INFO - Val   Loss: 0.6887, Val   Acc: 0.8079
2025-10-07 07:27:43,216 - INFO -   -> Best fine-tuned model saved.
2025-10-07 07:27:43,217 - INFO - [Epoch 19/60]
2025-10-07 07:27:47,848 - INFO - Train Loss: 0.1557, Train Acc: 0.9378
2025-10-07 07:27:47,849 - INFO - Val   Loss: 0.6718, Val   Acc: 0.8106
2025-10-07 07:27:47,884 - INFO -   -> Best fine-tuned model saved.
2025-10-07 07:27:47,885 - INFO - [Epoch 20/60]
2025-10-07 07:27:52,482 - INFO - Train Loss: 0.1420, Train Acc: 0.9431
2025-10-07 07:27:52,482 - INFO - Val   Loss: 0.6575, Val   Acc: 0.8147
2025-10-07 07:27:52,531 - INFO -   -> Best fine-tuned model saved.
2025-10-07 07:27:52,532 - INFO - [Epoch 21/60]
2025-10-07 07:27:57,182 - INFO - Train Loss: 0.1291, Train Acc: 0.9410
2025-10-07 07:27:57,182 - INFO - Val   Loss: 0.6435, Val   Acc: 0.8194
2025-10-07 07:27:57,230 - INFO -   -> Best fine-tuned model saved.
2025-10-07 07:27:57,230 - INFO - [Epoch 22/60]
2025-10-07 07:28:01,882 - INFO - Train Loss: 0.1157, Train Acc: 0.9571
2025-10-07 07:28:01,883 - INFO - Val   Loss: 0.6374, Val   Acc: 0.8258
2025-10-07 07:28:01,916 - INFO -   -> Best fine-tuned model saved.
2025-10-07 07:28:01,917 - INFO - [Epoch 23/60]
2025-10-07 07:28:06,567 - INFO - Train Loss: 0.1067, Train Acc: 0.9614
2025-10-07 07:28:06,567 - INFO - Val   Loss: 0.6346, Val   Acc: 0.8284
2025-10-07 07:28:06,595 - INFO -   -> Best fine-tuned model saved.
2025-10-07 07:28:06,596 - INFO - [Epoch 24/60]
2025-10-07 07:28:11,705 - INFO - Train Loss: 0.1030, Train Acc: 0.9624
2025-10-07 07:28:11,705 - INFO - Val   Loss: 0.6312, Val   Acc: 0.8312
2025-10-07 07:28:11,768 - INFO -   -> Best fine-tuned model saved.
2025-10-07 07:28:11,768 - INFO - [Epoch 25/60]
2025-10-07 07:28:16,470 - INFO - Train Loss: 0.0956, Train Acc: 0.9657
2025-10-07 07:28:16,471 - INFO - Val   Loss: 0.6288, Val   Acc: 0.8341
2025-10-07 07:28:16,506 - INFO -   -> Best fine-tuned model saved.
2025-10-07 07:28:16,507 - INFO - [Epoch 26/60]
2025-10-07 07:28:21,173 - INFO - Train Loss: 0.0844, Train Acc: 0.9721
2025-10-07 07:28:21,174 - INFO - Val   Loss: 0.6336, Val   Acc: 0.8347
2025-10-07 07:28:21,207 - INFO -   -> Best fine-tuned model saved.
2025-10-07 07:28:21,208 - INFO - [Epoch 27/60]
2025-10-07 07:28:25,854 - INFO - Train Loss: 0.0794, Train Acc: 0.9732
2025-10-07 07:28:25,854 - INFO - Val   Loss: 0.6176, Val   Acc: 0.8385
2025-10-07 07:28:25,935 - INFO -   -> Best fine-tuned model saved.
2025-10-07 07:28:25,935 - INFO - [Epoch 28/60]
2025-10-07 07:28:30,541 - INFO - Train Loss: 0.0716, Train Acc: 0.9742
2025-10-07 07:28:30,541 - INFO - Val   Loss: 0.6172, Val   Acc: 0.8423
2025-10-07 07:28:30,570 - INFO -   -> Best fine-tuned model saved.
2025-10-07 07:28:30,571 - INFO - [Epoch 29/60]
2025-10-07 07:28:35,175 - INFO - Train Loss: 0.0680, Train Acc: 0.9764
2025-10-07 07:28:35,175 - INFO - Val   Loss: 0.5970, Val   Acc: 0.8494
2025-10-07 07:28:35,223 - INFO -   -> Best fine-tuned model saved.
2025-10-07 07:28:35,224 - INFO - [Epoch 30/60]
2025-10-07 07:28:39,878 - INFO - Train Loss: 0.0619, Train Acc: 0.9785
2025-10-07 07:28:39,878 - INFO - Val   Loss: 0.6026, Val   Acc: 0.8521
2025-10-07 07:28:39,910 - INFO -   -> Best fine-tuned model saved.
2025-10-07 07:28:39,910 - INFO - [Epoch 31/60]
2025-10-07 07:28:44,514 - INFO - Train Loss: 0.0601, Train Acc: 0.9796
2025-10-07 07:28:44,514 - INFO - Val   Loss: 0.5891, Val   Acc: 0.8571
2025-10-07 07:28:44,566 - INFO -   -> Best fine-tuned model saved.
2025-10-07 07:28:44,567 - INFO - [Epoch 32/60]
2025-10-07 07:28:49,192 - INFO - Train Loss: 0.0597, Train Acc: 0.9775
2025-10-07 07:28:49,192 - INFO - Val   Loss: 0.5882, Val   Acc: 0.8582
2025-10-07 07:28:49,271 - INFO -   -> Best fine-tuned model saved.
2025-10-07 07:28:49,271 - INFO - [Epoch 33/60]
2025-10-07 07:28:53,881 - INFO - Train Loss: 0.0555, Train Acc: 0.9785
2025-10-07 07:28:53,882 - INFO - Val   Loss: 0.5823, Val   Acc: 0.8586
2025-10-07 07:28:53,914 - INFO -   -> Best fine-tuned model saved.
2025-10-07 07:28:53,914 - INFO - [Epoch 34/60]
2025-10-07 07:28:58,525 - INFO - Train Loss: 0.0503, Train Acc: 0.9850
2025-10-07 07:28:58,525 - INFO - Val   Loss: 0.5637, Val   Acc: 0.8616
2025-10-07 07:28:58,558 - INFO -   -> Best fine-tuned model saved.
2025-10-07 07:28:58,559 - INFO - [Epoch 35/60]
2025-10-07 07:29:03,169 - INFO - Train Loss: 0.0480, Train Acc: 0.9818
2025-10-07 07:29:03,169 - INFO - Val   Loss: 0.5673, Val   Acc: 0.8614
2025-10-07 07:29:03,170 - INFO -   -> No improvement (1/7)
2025-10-07 07:29:03,170 - INFO - [Epoch 36/60]
2025-10-07 07:29:07,855 - INFO - Train Loss: 0.0405, Train Acc: 0.9871
2025-10-07 07:29:07,855 - INFO - Val   Loss: 0.5746, Val   Acc: 0.8611
2025-10-07 07:29:07,857 - INFO -   -> No improvement (2/7)
2025-10-07 07:29:07,857 - INFO - [Epoch 37/60]
2025-10-07 07:29:12,475 - INFO - Train Loss: 0.0401, Train Acc: 0.9850
2025-10-07 07:29:12,475 - INFO - Val   Loss: 0.5908, Val   Acc: 0.8595
2025-10-07 07:29:12,475 - INFO -   -> No improvement (3/7)
2025-10-07 07:29:12,478 - INFO - [Epoch 38/60]
2025-10-07 07:29:17,209 - INFO - Train Loss: 0.0400, Train Acc: 0.9850
2025-10-07 07:29:17,209 - INFO - Val   Loss: 0.5688, Val   Acc: 0.8632
2025-10-07 07:29:17,245 - INFO -   -> Best fine-tuned model saved.
2025-10-07 07:29:17,246 - INFO - [Epoch 39/60]
2025-10-07 07:29:21,988 - INFO - Train Loss: 0.0448, Train Acc: 0.9818
2025-10-07 07:29:21,989 - INFO - Val   Loss: 0.5572, Val   Acc: 0.8648
2025-10-07 07:29:22,032 - INFO -   -> Best fine-tuned model saved.
2025-10-07 07:29:22,033 - INFO - [Epoch 40/60]
2025-10-07 07:29:26,717 - INFO - Train Loss: 0.0370, Train Acc: 0.9850
2025-10-07 07:29:26,718 - INFO - Val   Loss: 0.5896, Val   Acc: 0.8611
2025-10-07 07:29:26,721 - INFO -   -> No improvement (1/7)
2025-10-07 07:29:26,721 - INFO - [Epoch 41/60]
2025-10-07 07:29:31,396 - INFO - Train Loss: 0.0347, Train Acc: 0.9871
2025-10-07 07:29:31,396 - INFO - Val   Loss: 0.5707, Val   Acc: 0.8676
2025-10-07 07:29:31,429 - INFO -   -> Best fine-tuned model saved.
2025-10-07 07:29:31,430 - INFO - [Epoch 42/60]
2025-10-07 07:29:36,131 - INFO - Train Loss: 0.0334, Train Acc: 0.9839
2025-10-07 07:29:36,132 - INFO - Val   Loss: 0.5733, Val   Acc: 0.8693
2025-10-07 07:29:36,168 - INFO -   -> Best fine-tuned model saved.
2025-10-07 07:29:36,169 - INFO - [Epoch 43/60]
2025-10-07 07:29:40,865 - INFO - Train Loss: 0.0323, Train Acc: 0.9828
2025-10-07 07:29:40,865 - INFO - Val   Loss: 0.5875, Val   Acc: 0.8664
2025-10-07 07:29:40,867 - INFO -   -> No improvement (1/7)
2025-10-07 07:29:40,868 - INFO - [Epoch 44/60]
2025-10-07 07:29:45,566 - INFO - Train Loss: 0.0307, Train Acc: 0.9893
2025-10-07 07:29:45,567 - INFO - Val   Loss: 0.6011, Val   Acc: 0.8625
2025-10-07 07:29:45,567 - INFO -   -> No improvement (2/7)
2025-10-07 07:29:45,567 - INFO - [Epoch 45/60]
2025-10-07 07:29:50,295 - INFO - Train Loss: 0.0338, Train Acc: 0.9839
2025-10-07 07:29:50,296 - INFO - Val   Loss: 0.6227, Val   Acc: 0.8602
2025-10-07 07:29:50,297 - INFO -   -> No improvement (3/7)
2025-10-07 07:29:50,298 - INFO - [Epoch 46/60]
2025-10-07 07:29:55,007 - INFO - Train Loss: 0.0299, Train Acc: 0.9871
2025-10-07 07:29:55,007 - INFO - Val   Loss: 0.6132, Val   Acc: 0.8662
2025-10-07 07:29:55,007 - INFO -   -> No improvement (4/7)
2025-10-07 07:29:55,007 - INFO - [Epoch 47/60]
2025-10-07 07:29:59,725 - INFO - Train Loss: 0.0282, Train Acc: 0.9903
2025-10-07 07:29:59,726 - INFO - Val   Loss: 0.6133, Val   Acc: 0.8673
2025-10-07 07:29:59,727 - INFO -   -> No improvement (5/7)
2025-10-07 07:29:59,727 - INFO - [Epoch 48/60]
2025-10-07 07:30:04,368 - INFO - Train Loss: 0.0269, Train Acc: 0.9871
2025-10-07 07:30:04,368 - INFO - Val   Loss: 0.6206, Val   Acc: 0.8622
2025-10-07 07:30:04,370 - INFO -   -> No improvement (6/7)
2025-10-07 07:30:04,370 - INFO - [Epoch 49/60]
2025-10-07 07:30:09,088 - INFO - Train Loss: 0.0274, Train Acc: 0.9893
2025-10-07 07:30:09,088 - INFO - Val   Loss: 0.6085, Val   Acc: 0.8640
2025-10-07 07:30:09,088 - INFO -   -> No improvement (7/7)
2025-10-07 07:30:09,088 - INFO - Early stopping triggered.
2025-10-07 07:30:09,090 - INFO - 
Loading best fine-tuned model from /data/A-SpeedTransformer/models/transformer/experiments/finetune_lowshot/train100_lr2e-4_warmup0_freeze_attention/best_model.pth for final evaluation...
2025-10-07 07:30:17,346 - INFO - Test Loss: 0.6211, Test Accuracy: 0.8580
2025-10-07 07:30:17,383 - INFO - Classification Report:
              precision    recall  f1-score   support

        bike       0.94      0.78      0.85      5999
         bus       0.93      0.87      0.90      8337
         car       0.68      0.75      0.71      5237
       train       0.79      0.80      0.80      6872
        walk       0.91      0.99      0.95      9304

    accuracy                           0.86     35749
   macro avg       0.85      0.84      0.84     35749
weighted avg       0.86      0.86      0.86     35749

2025-10-07 07:30:17,761 - INFO - Saved confusion_matrix_finetune.png
2025-10-07 07:32:07,130 - INFO - Initializing DataProcessor for fine-tuning...
2025-10-07 07:32:30,736 - INFO - Loading pretrained model from: /data/A-SpeedTransformer/models/transformer/experiments/mobis_transformer_sweeps/mobis_lr1e-4_bs512_h8_d128_kv4_do0.1/best_model.pth
2025-10-07 07:32:30,762 - INFO - Frozen: Attention mechanisms in all unfrozen layers
2025-10-07 07:32:30,763 - INFO - [Epoch 1/60]
2025-10-07 07:32:36,114 - INFO - Train Loss: 3.1988, Train Acc: 0.4071
2025-10-07 07:32:36,114 - INFO - Val   Loss: 2.4862, Val   Acc: 0.5708
2025-10-07 07:32:36,151 - INFO -   -> Best fine-tuned model saved.
2025-10-07 07:32:36,152 - INFO - [Epoch 2/60]
2025-10-07 07:32:41,138 - INFO - Train Loss: 3.1848, Train Acc: 0.4057
2025-10-07 07:32:41,138 - INFO - Val   Loss: 2.4862, Val   Acc: 0.5708
2025-10-07 07:32:41,138 - INFO -   -> No improvement (1/7)
2025-10-07 07:32:41,141 - INFO - [Epoch 3/60]
2025-10-07 07:32:46,073 - INFO - Train Loss: 2.6424, Train Acc: 0.4799
2025-10-07 07:32:46,073 - INFO - Val   Loss: 1.8432, Val   Acc: 0.6059
2025-10-07 07:32:46,108 - INFO -   -> Best fine-tuned model saved.
2025-10-07 07:32:46,109 - INFO - [Epoch 4/60]
2025-10-07 07:32:51,138 - INFO - Train Loss: 1.5354, Train Acc: 0.6083
2025-10-07 07:32:51,139 - INFO - Val   Loss: 1.4491, Val   Acc: 0.6165
2025-10-07 07:32:51,173 - INFO -   -> Best fine-tuned model saved.
2025-10-07 07:32:51,173 - INFO - [Epoch 5/60]
2025-10-07 07:32:56,144 - INFO - Train Loss: 1.0700, Train Acc: 0.6477
2025-10-07 07:32:56,144 - INFO - Val   Loss: 1.3388, Val   Acc: 0.6102
2025-10-07 07:32:56,149 - INFO -   -> No improvement (1/7)
2025-10-07 07:32:56,149 - INFO - [Epoch 6/60]
2025-10-07 07:33:01,203 - INFO - Train Loss: 0.7874, Train Acc: 0.7487
2025-10-07 07:33:01,203 - INFO - Val   Loss: 1.0677, Val   Acc: 0.6975
2025-10-07 07:33:01,294 - INFO -   -> Best fine-tuned model saved.
2025-10-07 07:33:01,295 - INFO - [Epoch 7/60]
2025-10-07 07:33:06,272 - INFO - Train Loss: 0.4954, Train Acc: 0.8583
2025-10-07 07:33:06,273 - INFO - Val   Loss: 0.9058, Val   Acc: 0.7553
2025-10-07 07:33:06,345 - INFO -   -> Best fine-tuned model saved.
2025-10-07 07:33:06,346 - INFO - [Epoch 8/60]
2025-10-07 07:33:11,375 - INFO - Train Loss: 0.3854, Train Acc: 0.8650
2025-10-07 07:33:11,376 - INFO - Val   Loss: 0.8150, Val   Acc: 0.7728
2025-10-07 07:33:11,427 - INFO -   -> Best fine-tuned model saved.
2025-10-07 07:33:11,428 - INFO - [Epoch 9/60]
2025-10-07 07:33:16,424 - INFO - Train Loss: 0.3204, Train Acc: 0.8904
2025-10-07 07:33:16,425 - INFO - Val   Loss: 0.7196, Val   Acc: 0.7952
2025-10-07 07:33:16,467 - INFO -   -> Best fine-tuned model saved.
2025-10-07 07:33:16,468 - INFO - [Epoch 10/60]
2025-10-07 07:33:21,455 - INFO - Train Loss: 0.2630, Train Acc: 0.9017
2025-10-07 07:33:21,456 - INFO - Val   Loss: 0.6537, Val   Acc: 0.8103
2025-10-07 07:33:21,518 - INFO -   -> Best fine-tuned model saved.
2025-10-07 07:33:21,519 - INFO - [Epoch 11/60]
2025-10-07 07:33:26,555 - INFO - Train Loss: 0.2274, Train Acc: 0.9131
2025-10-07 07:33:26,555 - INFO - Val   Loss: 0.6430, Val   Acc: 0.8106
2025-10-07 07:33:26,622 - INFO -   -> Best fine-tuned model saved.
2025-10-07 07:33:26,623 - INFO - [Epoch 12/60]
2025-10-07 07:33:31,643 - INFO - Train Loss: 0.2042, Train Acc: 0.9158
2025-10-07 07:33:31,643 - INFO - Val   Loss: 0.5923, Val   Acc: 0.8201
2025-10-07 07:33:31,690 - INFO -   -> Best fine-tuned model saved.
2025-10-07 07:33:31,691 - INFO - [Epoch 13/60]
2025-10-07 07:33:36,731 - INFO - Train Loss: 0.1787, Train Acc: 0.9291
2025-10-07 07:33:36,732 - INFO - Val   Loss: 0.5594, Val   Acc: 0.8273
2025-10-07 07:33:36,771 - INFO -   -> Best fine-tuned model saved.
2025-10-07 07:33:36,772 - INFO - [Epoch 14/60]
2025-10-07 07:33:41,769 - INFO - Train Loss: 0.1640, Train Acc: 0.9352
2025-10-07 07:33:41,769 - INFO - Val   Loss: 0.5247, Val   Acc: 0.8391
2025-10-07 07:33:41,826 - INFO -   -> Best fine-tuned model saved.
2025-10-07 07:33:41,827 - INFO - [Epoch 15/60]
2025-10-07 07:33:46,812 - INFO - Train Loss: 0.1523, Train Acc: 0.9398
2025-10-07 07:33:46,812 - INFO - Val   Loss: 0.5197, Val   Acc: 0.8461
2025-10-07 07:33:46,857 - INFO -   -> Best fine-tuned model saved.
2025-10-07 07:33:46,858 - INFO - [Epoch 16/60]
2025-10-07 07:33:51,889 - INFO - Train Loss: 0.1429, Train Acc: 0.9465
2025-10-07 07:33:51,889 - INFO - Val   Loss: 0.4962, Val   Acc: 0.8553
2025-10-07 07:33:51,940 - INFO -   -> Best fine-tuned model saved.
2025-10-07 07:33:51,940 - INFO - [Epoch 17/60]
2025-10-07 07:33:57,015 - INFO - Train Loss: 0.1304, Train Acc: 0.9492
2025-10-07 07:33:57,015 - INFO - Val   Loss: 0.4992, Val   Acc: 0.8576
2025-10-07 07:33:57,067 - INFO -   -> Best fine-tuned model saved.
2025-10-07 07:33:57,067 - INFO - [Epoch 18/60]
2025-10-07 07:34:02,159 - INFO - Train Loss: 0.1228, Train Acc: 0.9499
2025-10-07 07:34:02,160 - INFO - Val   Loss: 0.4659, Val   Acc: 0.8660
2025-10-07 07:34:02,220 - INFO -   -> Best fine-tuned model saved.
2025-10-07 07:34:02,221 - INFO - [Epoch 19/60]
2025-10-07 07:34:07,297 - INFO - Train Loss: 0.1126, Train Acc: 0.9586
2025-10-07 07:34:07,298 - INFO - Val   Loss: 0.4532, Val   Acc: 0.8712
2025-10-07 07:34:07,447 - INFO -   -> Best fine-tuned model saved.
2025-10-07 07:34:07,448 - INFO - [Epoch 20/60]
2025-10-07 07:34:12,492 - INFO - Train Loss: 0.1105, Train Acc: 0.9586
2025-10-07 07:34:12,493 - INFO - Val   Loss: 0.4846, Val   Acc: 0.8645
2025-10-07 07:34:12,495 - INFO -   -> No improvement (1/7)
2025-10-07 07:34:12,496 - INFO - [Epoch 21/60]
2025-10-07 07:34:17,483 - INFO - Train Loss: 0.1013, Train Acc: 0.9599
2025-10-07 07:34:17,483 - INFO - Val   Loss: 0.4553, Val   Acc: 0.8744
2025-10-07 07:34:17,526 - INFO -   -> Best fine-tuned model saved.
2025-10-07 07:34:17,527 - INFO - [Epoch 22/60]
2025-10-07 07:34:22,472 - INFO - Train Loss: 0.0935, Train Acc: 0.9619
2025-10-07 07:34:22,472 - INFO - Val   Loss: 0.4690, Val   Acc: 0.8708
2025-10-07 07:34:22,474 - INFO -   -> No improvement (1/7)
2025-10-07 07:34:22,475 - INFO - [Epoch 23/60]
2025-10-07 07:34:27,394 - INFO - Train Loss: 0.0909, Train Acc: 0.9619
2025-10-07 07:34:27,395 - INFO - Val   Loss: 0.4543, Val   Acc: 0.8779
2025-10-07 07:34:27,461 - INFO -   -> Best fine-tuned model saved.
2025-10-07 07:34:27,461 - INFO - [Epoch 24/60]
2025-10-07 07:34:32,501 - INFO - Train Loss: 0.0844, Train Acc: 0.9672
2025-10-07 07:34:32,502 - INFO - Val   Loss: 0.4621, Val   Acc: 0.8770
2025-10-07 07:34:32,504 - INFO -   -> No improvement (1/7)
2025-10-07 07:34:32,504 - INFO - [Epoch 25/60]
2025-10-07 07:34:37,479 - INFO - Train Loss: 0.0829, Train Acc: 0.9659
2025-10-07 07:34:37,480 - INFO - Val   Loss: 0.4706, Val   Acc: 0.8750
2025-10-07 07:34:37,481 - INFO -   -> No improvement (2/7)
2025-10-07 07:34:37,482 - INFO - [Epoch 26/60]
2025-10-07 07:34:42,518 - INFO - Train Loss: 0.0811, Train Acc: 0.9699
2025-10-07 07:34:42,518 - INFO - Val   Loss: 0.4499, Val   Acc: 0.8770
2025-10-07 07:34:42,519 - INFO -   -> No improvement (3/7)
2025-10-07 07:34:42,519 - INFO - [Epoch 27/60]
2025-10-07 07:34:47,542 - INFO - Train Loss: 0.0782, Train Acc: 0.9679
2025-10-07 07:34:47,543 - INFO - Val   Loss: 0.4962, Val   Acc: 0.8675
2025-10-07 07:34:47,545 - INFO -   -> No improvement (4/7)
2025-10-07 07:34:47,545 - INFO - [Epoch 28/60]
2025-10-07 07:34:52,592 - INFO - Train Loss: 0.0756, Train Acc: 0.9713
2025-10-07 07:34:52,593 - INFO - Val   Loss: 0.4589, Val   Acc: 0.8770
2025-10-07 07:34:52,593 - INFO -   -> No improvement (5/7)
2025-10-07 07:34:52,593 - INFO - [Epoch 29/60]
2025-10-07 07:34:57,585 - INFO - Train Loss: 0.0677, Train Acc: 0.9739
2025-10-07 07:34:57,586 - INFO - Val   Loss: 0.4669, Val   Acc: 0.8797
2025-10-07 07:34:57,619 - INFO -   -> Best fine-tuned model saved.
2025-10-07 07:34:57,620 - INFO - [Epoch 30/60]
2025-10-07 07:35:02,583 - INFO - Train Loss: 0.0677, Train Acc: 0.9706
2025-10-07 07:35:02,584 - INFO - Val   Loss: 0.4927, Val   Acc: 0.8764
2025-10-07 07:35:02,586 - INFO -   -> No improvement (1/7)
2025-10-07 07:35:02,586 - INFO - [Epoch 31/60]
2025-10-07 07:35:07,575 - INFO - Train Loss: 0.0631, Train Acc: 0.9759
2025-10-07 07:35:07,576 - INFO - Val   Loss: 0.4759, Val   Acc: 0.8783
2025-10-07 07:35:07,578 - INFO -   -> No improvement (2/7)
2025-10-07 07:35:07,578 - INFO - [Epoch 32/60]
2025-10-07 07:35:12,609 - INFO - Train Loss: 0.0591, Train Acc: 0.9759
2025-10-07 07:35:12,609 - INFO - Val   Loss: 0.4602, Val   Acc: 0.8790
2025-10-07 07:35:12,609 - INFO -   -> No improvement (3/7)
2025-10-07 07:35:12,611 - INFO - [Epoch 33/60]
2025-10-07 07:35:17,576 - INFO - Train Loss: 0.0608, Train Acc: 0.9726
2025-10-07 07:35:17,577 - INFO - Val   Loss: 0.4604, Val   Acc: 0.8763
2025-10-07 07:35:17,577 - INFO -   -> No improvement (4/7)
2025-10-07 07:35:17,577 - INFO - [Epoch 34/60]
2025-10-07 07:35:22,527 - INFO - Train Loss: 0.0582, Train Acc: 0.9733
2025-10-07 07:35:22,527 - INFO - Val   Loss: 0.4702, Val   Acc: 0.8782
2025-10-07 07:35:22,528 - INFO -   -> No improvement (5/7)
2025-10-07 07:35:22,530 - INFO - [Epoch 35/60]
2025-10-07 07:35:27,535 - INFO - Train Loss: 0.0558, Train Acc: 0.9773
2025-10-07 07:35:27,536 - INFO - Val   Loss: 0.4766, Val   Acc: 0.8792
2025-10-07 07:35:27,538 - INFO -   -> No improvement (6/7)
2025-10-07 07:35:27,538 - INFO - [Epoch 36/60]
2025-10-07 07:35:32,542 - INFO - Train Loss: 0.0526, Train Acc: 0.9786
2025-10-07 07:35:32,542 - INFO - Val   Loss: 0.4852, Val   Acc: 0.8808
2025-10-07 07:35:32,580 - INFO -   -> Best fine-tuned model saved.
2025-10-07 07:35:32,582 - INFO - [Epoch 37/60]
2025-10-07 07:35:37,585 - INFO - Train Loss: 0.0511, Train Acc: 0.9806
2025-10-07 07:35:37,586 - INFO - Val   Loss: 0.4811, Val   Acc: 0.8804
2025-10-07 07:35:37,588 - INFO -   -> No improvement (1/7)
2025-10-07 07:35:37,588 - INFO - [Epoch 38/60]
2025-10-07 07:35:42,540 - INFO - Train Loss: 0.0478, Train Acc: 0.9806
2025-10-07 07:35:42,540 - INFO - Val   Loss: 0.4725, Val   Acc: 0.8793
2025-10-07 07:35:42,540 - INFO -   -> No improvement (2/7)
2025-10-07 07:35:42,540 - INFO - [Epoch 39/60]
2025-10-07 07:35:47,494 - INFO - Train Loss: 0.0485, Train Acc: 0.9820
2025-10-07 07:35:47,495 - INFO - Val   Loss: 0.4740, Val   Acc: 0.8779
2025-10-07 07:35:47,498 - INFO -   -> No improvement (3/7)
2025-10-07 07:35:47,498 - INFO - [Epoch 40/60]
2025-10-07 07:35:52,473 - INFO - Train Loss: 0.0480, Train Acc: 0.9806
2025-10-07 07:35:52,474 - INFO - Val   Loss: 0.4837, Val   Acc: 0.8793
2025-10-07 07:35:52,475 - INFO -   -> No improvement (4/7)
2025-10-07 07:35:52,476 - INFO - [Epoch 41/60]
2025-10-07 07:35:57,457 - INFO - Train Loss: 0.0438, Train Acc: 0.9813
2025-10-07 07:35:57,458 - INFO - Val   Loss: 0.4941, Val   Acc: 0.8778
2025-10-07 07:35:57,460 - INFO -   -> No improvement (5/7)
2025-10-07 07:35:57,460 - INFO - [Epoch 42/60]
2025-10-07 07:36:02,454 - INFO - Train Loss: 0.0434, Train Acc: 0.9840
2025-10-07 07:36:02,455 - INFO - Val   Loss: 0.5035, Val   Acc: 0.8778
2025-10-07 07:36:02,456 - INFO -   -> No improvement (6/7)
2025-10-07 07:36:02,456 - INFO - [Epoch 43/60]
2025-10-07 07:36:07,448 - INFO - Train Loss: 0.0409, Train Acc: 0.9860
2025-10-07 07:36:07,449 - INFO - Val   Loss: 0.4993, Val   Acc: 0.8750
2025-10-07 07:36:07,450 - INFO -   -> No improvement (7/7)
2025-10-07 07:36:07,450 - INFO - Early stopping triggered.
2025-10-07 07:36:07,451 - INFO - 
Loading best fine-tuned model from /data/A-SpeedTransformer/models/transformer/experiments/finetune_lowshot/train200_lr2e-4_warmup0_freeze_attention/best_model.pth for final evaluation...
2025-10-07 07:36:15,413 - INFO - Test Loss: 0.5046, Test Accuracy: 0.8722
2025-10-07 07:36:15,453 - INFO - Classification Report:
              precision    recall  f1-score   support

        bike       0.95      0.82      0.88      6036
         bus       0.96      0.88      0.92      8482
         car       0.71      0.83      0.76      5166
       train       0.83      0.77      0.80      5922
        walk       0.89      0.99      0.94      8924

    accuracy                           0.87     34530
   macro avg       0.87      0.86      0.86     34530
weighted avg       0.88      0.87      0.87     34530

2025-10-07 07:36:15,831 - INFO - Saved confusion_matrix_finetune.png
2025-10-07 07:49:27,167 - INFO - Initializing DataProcessor for fine-tuning...
2025-10-07 07:49:50,765 - INFO - Loading pretrained model from: /data/A-SpeedTransformer/models/transformer/experiments/mobis_transformer_sweeps/mobis_lr1e-4_bs512_h8_d128_kv4_do0.1/best_model.pth
2025-10-07 07:49:50,785 - INFO - Frozen: Attention mechanisms in all unfrozen layers
2025-10-07 07:49:50,786 - INFO - [Epoch 1/60]
2025-10-07 07:49:55,771 - INFO - Train Loss: 3.1873, Train Acc: 0.3530
2025-10-07 07:49:55,771 - INFO - Val   Loss: 2.6682, Val   Acc: 0.5764
2025-10-07 07:49:55,803 - INFO -   -> Best fine-tuned model saved.
2025-10-07 07:49:55,803 - INFO - [Epoch 2/60]
2025-10-07 07:50:00,454 - INFO - Train Loss: 3.2032, Train Acc: 0.3562
2025-10-07 07:50:00,454 - INFO - Val   Loss: 2.6682, Val   Acc: 0.5764
2025-10-07 07:50:00,456 - INFO -   -> No improvement (1/7)
2025-10-07 07:50:00,457 - INFO - [Epoch 3/60]
2025-10-07 07:50:05,162 - INFO - Train Loss: 3.1987, Train Acc: 0.3627
2025-10-07 07:50:05,163 - INFO - Val   Loss: 2.6682, Val   Acc: 0.5764
2025-10-07 07:50:05,163 - INFO -   -> No improvement (2/7)
2025-10-07 07:50:05,163 - INFO - [Epoch 4/60]
2025-10-07 07:50:09,883 - INFO - Train Loss: 2.8928, Train Acc: 0.4431
2025-10-07 07:50:09,884 - INFO - Val   Loss: 2.3544, Val   Acc: 0.5836
2025-10-07 07:50:09,925 - INFO -   -> Best fine-tuned model saved.
2025-10-07 07:50:09,926 - INFO - [Epoch 5/60]
2025-10-07 07:50:14,592 - INFO - Train Loss: 2.2292, Train Acc: 0.5397
2025-10-07 07:50:14,592 - INFO - Val   Loss: 1.9154, Val   Acc: 0.5820
2025-10-07 07:50:14,595 - INFO -   -> No improvement (1/7)
2025-10-07 07:50:14,596 - INFO - [Epoch 6/60]
2025-10-07 07:50:19,322 - INFO - Train Loss: 1.6752, Train Acc: 0.5773
2025-10-07 07:50:19,323 - INFO - Val   Loss: 1.4837, Val   Acc: 0.6152
2025-10-07 07:50:19,361 - INFO -   -> Best fine-tuned model saved.
2025-10-07 07:50:19,362 - INFO - [Epoch 7/60]
2025-10-07 07:50:24,069 - INFO - Train Loss: 1.2097, Train Acc: 0.6320
2025-10-07 07:50:24,069 - INFO - Val   Loss: 1.3755, Val   Acc: 0.6036
2025-10-07 07:50:24,071 - INFO -   -> No improvement (1/7)
2025-10-07 07:50:24,072 - INFO - [Epoch 8/60]
2025-10-07 07:50:28,801 - INFO - Train Loss: 0.9870, Train Acc: 0.6373
2025-10-07 07:50:28,801 - INFO - Val   Loss: 1.3201, Val   Acc: 0.5980
2025-10-07 07:50:28,803 - INFO -   -> No improvement (2/7)
2025-10-07 07:50:28,804 - INFO - [Epoch 9/60]
2025-10-07 07:50:33,463 - INFO - Train Loss: 0.7529, Train Acc: 0.7511
2025-10-07 07:50:33,464 - INFO - Val   Loss: 1.1617, Val   Acc: 0.6404
2025-10-07 07:50:33,494 - INFO -   -> Best fine-tuned model saved.
2025-10-07 07:50:33,495 - INFO - [Epoch 10/60]
2025-10-07 07:50:38,223 - INFO - Train Loss: 0.5032, Train Acc: 0.8251
2025-10-07 07:50:38,224 - INFO - Val   Loss: 1.0259, Val   Acc: 0.6900
2025-10-07 07:50:38,263 - INFO -   -> Best fine-tuned model saved.
2025-10-07 07:50:38,264 - INFO - [Epoch 11/60]
2025-10-07 07:50:42,956 - INFO - Train Loss: 0.3596, Train Acc: 0.8841
2025-10-07 07:50:42,956 - INFO - Val   Loss: 0.9659, Val   Acc: 0.7304
2025-10-07 07:50:43,005 - INFO -   -> Best fine-tuned model saved.
2025-10-07 07:50:43,006 - INFO - [Epoch 12/60]
2025-10-07 07:50:47,763 - INFO - Train Loss: 0.3039, Train Acc: 0.9077
2025-10-07 07:50:47,763 - INFO - Val   Loss: 0.9359, Val   Acc: 0.7411
2025-10-07 07:50:47,814 - INFO -   -> Best fine-tuned model saved.
2025-10-07 07:50:47,815 - INFO - [Epoch 13/60]
2025-10-07 07:50:52,597 - INFO - Train Loss: 0.2847, Train Acc: 0.9163
2025-10-07 07:50:52,597 - INFO - Val   Loss: 0.9020, Val   Acc: 0.7534
2025-10-07 07:50:52,632 - INFO -   -> Best fine-tuned model saved.
2025-10-07 07:50:52,633 - INFO - [Epoch 14/60]
2025-10-07 07:50:57,315 - INFO - Train Loss: 0.2497, Train Acc: 0.9217
2025-10-07 07:50:57,316 - INFO - Val   Loss: 0.8537, Val   Acc: 0.7700
2025-10-07 07:50:57,349 - INFO -   -> Best fine-tuned model saved.
2025-10-07 07:50:57,349 - INFO - [Epoch 15/60]
2025-10-07 07:51:02,031 - INFO - Train Loss: 0.2269, Train Acc: 0.9260
2025-10-07 07:51:02,032 - INFO - Val   Loss: 0.7993, Val   Acc: 0.7866
2025-10-07 07:51:02,102 - INFO -   -> Best fine-tuned model saved.
2025-10-07 07:51:02,103 - INFO - [Epoch 16/60]
2025-10-07 07:51:06,817 - INFO - Train Loss: 0.2041, Train Acc: 0.9324
2025-10-07 07:51:06,817 - INFO - Val   Loss: 0.7505, Val   Acc: 0.7982
2025-10-07 07:51:06,871 - INFO -   -> Best fine-tuned model saved.
2025-10-07 07:51:06,871 - INFO - [Epoch 17/60]
2025-10-07 07:51:11,536 - INFO - Train Loss: 0.1824, Train Acc: 0.9335
2025-10-07 07:51:11,536 - INFO - Val   Loss: 0.7134, Val   Acc: 0.8056
2025-10-07 07:51:11,570 - INFO -   -> Best fine-tuned model saved.
2025-10-07 07:51:11,571 - INFO - [Epoch 18/60]
2025-10-07 07:51:16,265 - INFO - Train Loss: 0.1620, Train Acc: 0.9431
2025-10-07 07:51:16,266 - INFO - Val   Loss: 0.6887, Val   Acc: 0.8079
2025-10-07 07:51:16,329 - INFO -   -> Best fine-tuned model saved.
2025-10-07 07:51:16,329 - INFO - [Epoch 19/60]
2025-10-07 07:51:21,035 - INFO - Train Loss: 0.1557, Train Acc: 0.9378
2025-10-07 07:51:21,035 - INFO - Val   Loss: 0.6718, Val   Acc: 0.8106
2025-10-07 07:51:21,103 - INFO -   -> Best fine-tuned model saved.
2025-10-07 07:51:21,104 - INFO - [Epoch 20/60]
2025-10-07 07:51:25,795 - INFO - Train Loss: 0.1420, Train Acc: 0.9431
2025-10-07 07:51:25,795 - INFO - Val   Loss: 0.6575, Val   Acc: 0.8147
2025-10-07 07:51:25,854 - INFO -   -> Best fine-tuned model saved.
2025-10-07 07:51:25,855 - INFO - [Epoch 21/60]
2025-10-07 07:51:30,537 - INFO - Train Loss: 0.1291, Train Acc: 0.9410
2025-10-07 07:51:30,538 - INFO - Val   Loss: 0.6435, Val   Acc: 0.8194
2025-10-07 07:51:30,601 - INFO -   -> Best fine-tuned model saved.
2025-10-07 07:51:30,601 - INFO - [Epoch 22/60]
2025-10-07 07:51:35,284 - INFO - Train Loss: 0.1157, Train Acc: 0.9571
2025-10-07 07:51:35,285 - INFO - Val   Loss: 0.6374, Val   Acc: 0.8258
2025-10-07 07:51:35,324 - INFO -   -> Best fine-tuned model saved.
2025-10-07 07:51:35,325 - INFO - [Epoch 23/60]
2025-10-07 07:51:39,988 - INFO - Train Loss: 0.1067, Train Acc: 0.9614
2025-10-07 07:51:39,988 - INFO - Val   Loss: 0.6346, Val   Acc: 0.8284
2025-10-07 07:51:40,031 - INFO -   -> Best fine-tuned model saved.
2025-10-07 07:51:40,032 - INFO - [Epoch 24/60]
2025-10-07 07:51:44,763 - INFO - Train Loss: 0.1030, Train Acc: 0.9624
2025-10-07 07:51:44,764 - INFO - Val   Loss: 0.6312, Val   Acc: 0.8312
2025-10-07 07:51:44,812 - INFO -   -> Best fine-tuned model saved.
2025-10-07 07:51:44,813 - INFO - [Epoch 25/60]
2025-10-07 07:51:49,496 - INFO - Train Loss: 0.0956, Train Acc: 0.9657
2025-10-07 07:51:49,496 - INFO - Val   Loss: 0.6288, Val   Acc: 0.8341
2025-10-07 07:51:49,530 - INFO -   -> Best fine-tuned model saved.
2025-10-07 07:51:49,530 - INFO - [Epoch 26/60]
2025-10-07 07:51:54,208 - INFO - Train Loss: 0.0844, Train Acc: 0.9721
2025-10-07 07:51:54,208 - INFO - Val   Loss: 0.6336, Val   Acc: 0.8347
2025-10-07 07:51:54,250 - INFO -   -> Best fine-tuned model saved.
2025-10-07 07:51:54,250 - INFO - [Epoch 27/60]
2025-10-07 07:51:58,984 - INFO - Train Loss: 0.0794, Train Acc: 0.9732
2025-10-07 07:51:58,985 - INFO - Val   Loss: 0.6176, Val   Acc: 0.8385
2025-10-07 07:51:59,024 - INFO -   -> Best fine-tuned model saved.
2025-10-07 07:51:59,025 - INFO - [Epoch 28/60]
2025-10-07 07:52:03,718 - INFO - Train Loss: 0.0716, Train Acc: 0.9742
2025-10-07 07:52:03,718 - INFO - Val   Loss: 0.6172, Val   Acc: 0.8423
2025-10-07 07:52:03,785 - INFO -   -> Best fine-tuned model saved.
2025-10-07 07:52:03,786 - INFO - [Epoch 29/60]
2025-10-07 07:52:08,485 - INFO - Train Loss: 0.0680, Train Acc: 0.9764
2025-10-07 07:52:08,486 - INFO - Val   Loss: 0.5970, Val   Acc: 0.8494
2025-10-07 07:52:08,813 - INFO -   -> Best fine-tuned model saved.
2025-10-07 07:52:08,814 - INFO - [Epoch 30/60]
2025-10-07 07:52:13,555 - INFO - Train Loss: 0.0619, Train Acc: 0.9785
2025-10-07 07:52:13,555 - INFO - Val   Loss: 0.6026, Val   Acc: 0.8521
2025-10-07 07:52:13,594 - INFO -   -> Best fine-tuned model saved.
2025-10-07 07:52:13,595 - INFO - [Epoch 31/60]
2025-10-07 07:52:18,360 - INFO - Train Loss: 0.0601, Train Acc: 0.9796
2025-10-07 07:52:18,360 - INFO - Val   Loss: 0.5891, Val   Acc: 0.8571
2025-10-07 07:52:18,401 - INFO -   -> Best fine-tuned model saved.
2025-10-07 07:52:18,402 - INFO - [Epoch 32/60]
2025-10-07 07:52:23,234 - INFO - Train Loss: 0.0597, Train Acc: 0.9775
2025-10-07 07:52:23,234 - INFO - Val   Loss: 0.5882, Val   Acc: 0.8582
2025-10-07 07:52:23,272 - INFO -   -> Best fine-tuned model saved.
2025-10-07 07:52:23,273 - INFO - [Epoch 33/60]
2025-10-07 07:52:28,018 - INFO - Train Loss: 0.0555, Train Acc: 0.9785
2025-10-07 07:52:28,018 - INFO - Val   Loss: 0.5823, Val   Acc: 0.8586
2025-10-07 07:52:28,060 - INFO -   -> Best fine-tuned model saved.
2025-10-07 07:52:28,060 - INFO - [Epoch 34/60]
2025-10-07 07:52:32,742 - INFO - Train Loss: 0.0503, Train Acc: 0.9850
2025-10-07 07:52:32,743 - INFO - Val   Loss: 0.5637, Val   Acc: 0.8616
2025-10-07 07:52:32,783 - INFO -   -> Best fine-tuned model saved.
2025-10-07 07:52:32,784 - INFO - [Epoch 35/60]
2025-10-07 07:52:37,549 - INFO - Train Loss: 0.0480, Train Acc: 0.9818
2025-10-07 07:52:37,549 - INFO - Val   Loss: 0.5673, Val   Acc: 0.8614
2025-10-07 07:52:37,551 - INFO -   -> No improvement (1/7)
2025-10-07 07:52:37,551 - INFO - [Epoch 36/60]
2025-10-07 07:52:42,251 - INFO - Train Loss: 0.0405, Train Acc: 0.9871
2025-10-07 07:52:42,251 - INFO - Val   Loss: 0.5746, Val   Acc: 0.8611
2025-10-07 07:52:42,253 - INFO -   -> No improvement (2/7)
2025-10-07 07:52:42,254 - INFO - [Epoch 37/60]
2025-10-07 07:52:46,934 - INFO - Train Loss: 0.0401, Train Acc: 0.9850
2025-10-07 07:52:46,935 - INFO - Val   Loss: 0.5908, Val   Acc: 0.8595
2025-10-07 07:52:46,936 - INFO -   -> No improvement (3/7)
2025-10-07 07:52:46,937 - INFO - [Epoch 38/60]
2025-10-07 07:52:51,653 - INFO - Train Loss: 0.0400, Train Acc: 0.9850
2025-10-07 07:52:51,654 - INFO - Val   Loss: 0.5688, Val   Acc: 0.8632
2025-10-07 07:52:51,686 - INFO -   -> Best fine-tuned model saved.
2025-10-07 07:52:51,687 - INFO - [Epoch 39/60]
2025-10-07 07:52:56,408 - INFO - Train Loss: 0.0448, Train Acc: 0.9818
2025-10-07 07:52:56,408 - INFO - Val   Loss: 0.5572, Val   Acc: 0.8648
2025-10-07 07:52:56,451 - INFO -   -> Best fine-tuned model saved.
2025-10-07 07:52:56,452 - INFO - [Epoch 40/60]
2025-10-07 07:53:01,131 - INFO - Train Loss: 0.0370, Train Acc: 0.9850
2025-10-07 07:53:01,131 - INFO - Val   Loss: 0.5896, Val   Acc: 0.8611
2025-10-07 07:53:01,133 - INFO -   -> No improvement (1/7)
2025-10-07 07:53:01,133 - INFO - [Epoch 41/60]
2025-10-07 07:53:05,805 - INFO - Train Loss: 0.0347, Train Acc: 0.9871
2025-10-07 07:53:05,806 - INFO - Val   Loss: 0.5707, Val   Acc: 0.8676
2025-10-07 07:53:05,841 - INFO -   -> Best fine-tuned model saved.
2025-10-07 07:53:05,842 - INFO - [Epoch 42/60]
2025-10-07 07:53:10,521 - INFO - Train Loss: 0.0334, Train Acc: 0.9839
2025-10-07 07:53:10,522 - INFO - Val   Loss: 0.5733, Val   Acc: 0.8693
2025-10-07 07:53:10,553 - INFO -   -> Best fine-tuned model saved.
2025-10-07 07:53:10,554 - INFO - [Epoch 43/60]
2025-10-07 07:53:15,218 - INFO - Train Loss: 0.0323, Train Acc: 0.9828
2025-10-07 07:53:15,218 - INFO - Val   Loss: 0.5875, Val   Acc: 0.8664
2025-10-07 07:53:15,218 - INFO -   -> No improvement (1/7)
2025-10-07 07:53:15,219 - INFO - [Epoch 44/60]
2025-10-07 07:53:19,925 - INFO - Train Loss: 0.0307, Train Acc: 0.9893
2025-10-07 07:53:19,925 - INFO - Val   Loss: 0.6011, Val   Acc: 0.8625
2025-10-07 07:53:19,925 - INFO -   -> No improvement (2/7)
2025-10-07 07:53:19,928 - INFO - [Epoch 45/60]
2025-10-07 07:53:24,609 - INFO - Train Loss: 0.0338, Train Acc: 0.9839
2025-10-07 07:53:24,609 - INFO - Val   Loss: 0.6227, Val   Acc: 0.8602
2025-10-07 07:53:24,611 - INFO -   -> No improvement (3/7)
2025-10-07 07:53:24,612 - INFO - [Epoch 46/60]
2025-10-07 07:53:29,286 - INFO - Train Loss: 0.0299, Train Acc: 0.9871
2025-10-07 07:53:29,286 - INFO - Val   Loss: 0.6132, Val   Acc: 0.8662
2025-10-07 07:53:29,286 - INFO -   -> No improvement (4/7)
2025-10-07 07:53:29,289 - INFO - [Epoch 47/60]
2025-10-07 07:53:33,943 - INFO - Train Loss: 0.0282, Train Acc: 0.9903
2025-10-07 07:53:33,944 - INFO - Val   Loss: 0.6133, Val   Acc: 0.8673
2025-10-07 07:53:33,946 - INFO -   -> No improvement (5/7)
2025-10-07 07:53:33,946 - INFO - [Epoch 48/60]
2025-10-07 07:53:38,627 - INFO - Train Loss: 0.0269, Train Acc: 0.9871
2025-10-07 07:53:38,627 - INFO - Val   Loss: 0.6206, Val   Acc: 0.8622
2025-10-07 07:53:38,629 - INFO -   -> No improvement (6/7)
2025-10-07 07:53:38,629 - INFO - [Epoch 49/60]
2025-10-07 07:53:43,336 - INFO - Train Loss: 0.0274, Train Acc: 0.9893
2025-10-07 07:53:43,336 - INFO - Val   Loss: 0.6085, Val   Acc: 0.8640
2025-10-07 07:53:43,338 - INFO -   -> No improvement (7/7)
2025-10-07 07:53:43,339 - INFO - Early stopping triggered.
2025-10-07 07:53:43,339 - INFO - 
Loading best fine-tuned model from /data/A-SpeedTransformer/models/transformer/experiments/finetune_lowshot/train100_lr2e-4_warmup0_freeze_attention/best_model.pth for final evaluation...
2025-10-07 07:53:51,516 - INFO - Test Loss: 0.6211, Test Accuracy: 0.8580
2025-10-07 07:53:51,553 - INFO - Classification Report:
              precision    recall  f1-score   support

        bike       0.94      0.78      0.85      5999
         bus       0.93      0.87      0.90      8337
         car       0.68      0.75      0.71      5237
       train       0.79      0.80      0.80      6872
        walk       0.91      0.99      0.95      9304

    accuracy                           0.86     35749
   macro avg       0.85      0.84      0.84     35749
weighted avg       0.86      0.86      0.86     35749

2025-10-07 07:53:51,919 - INFO - Saved confusion_matrix_finetune.png
2025-10-07 07:56:10,118 - INFO - Initializing DataProcessor for fine-tuning...
2025-10-07 07:56:34,168 - INFO - Loading pretrained model from: /data/A-SpeedTransformer/models/transformer/experiments/mobis_transformer_sweeps/mobis_lr1e-4_bs512_h8_d128_kv4_do0.1/best_model.pth
2025-10-07 07:56:34,192 - INFO - Frozen: Attention mechanisms in all unfrozen layers
2025-10-07 07:56:34,193 - INFO - [Epoch 1/60]
2025-10-07 07:56:39,537 - INFO - Train Loss: 3.1988, Train Acc: 0.4071
2025-10-07 07:56:39,537 - INFO - Val   Loss: 2.4862, Val   Acc: 0.5708
2025-10-07 07:56:39,571 - INFO -   -> Best fine-tuned model saved.
2025-10-07 07:56:39,572 - INFO - [Epoch 2/60]
2025-10-07 07:56:44,584 - INFO - Train Loss: 3.1848, Train Acc: 0.4057
2025-10-07 07:56:44,584 - INFO - Val   Loss: 2.4862, Val   Acc: 0.5708
2025-10-07 07:56:44,588 - INFO -   -> No improvement (1/7)
2025-10-07 07:56:44,588 - INFO - [Epoch 3/60]
2025-10-07 07:56:49,609 - INFO - Train Loss: 2.6424, Train Acc: 0.4799
2025-10-07 07:56:49,609 - INFO - Val   Loss: 1.8432, Val   Acc: 0.6059
2025-10-07 07:56:49,655 - INFO -   -> Best fine-tuned model saved.
2025-10-07 07:56:49,656 - INFO - [Epoch 4/60]
2025-10-07 07:56:54,630 - INFO - Train Loss: 1.5354, Train Acc: 0.6083
2025-10-07 07:56:54,631 - INFO - Val   Loss: 1.4491, Val   Acc: 0.6165
2025-10-07 07:56:54,663 - INFO -   -> Best fine-tuned model saved.
2025-10-07 07:56:54,664 - INFO - [Epoch 5/60]
2025-10-07 07:56:59,641 - INFO - Train Loss: 1.0700, Train Acc: 0.6477
2025-10-07 07:56:59,641 - INFO - Val   Loss: 1.3388, Val   Acc: 0.6102
2025-10-07 07:56:59,641 - INFO -   -> No improvement (1/7)
2025-10-07 07:56:59,641 - INFO - [Epoch 6/60]
2025-10-07 07:57:04,595 - INFO - Train Loss: 0.7874, Train Acc: 0.7487
2025-10-07 07:57:04,595 - INFO - Val   Loss: 1.0677, Val   Acc: 0.6975
2025-10-07 07:57:04,658 - INFO -   -> Best fine-tuned model saved.
2025-10-07 07:57:04,658 - INFO - [Epoch 7/60]
2025-10-07 07:57:09,635 - INFO - Train Loss: 0.4954, Train Acc: 0.8583
2025-10-07 07:57:09,636 - INFO - Val   Loss: 0.9058, Val   Acc: 0.7553
2025-10-07 07:57:09,691 - INFO -   -> Best fine-tuned model saved.
2025-10-07 07:57:09,692 - INFO - [Epoch 8/60]
2025-10-07 07:57:14,649 - INFO - Train Loss: 0.3854, Train Acc: 0.8650
2025-10-07 07:57:14,650 - INFO - Val   Loss: 0.8150, Val   Acc: 0.7728
2025-10-07 07:57:14,681 - INFO -   -> Best fine-tuned model saved.
2025-10-07 07:57:14,682 - INFO - [Epoch 9/60]
2025-10-07 07:57:19,625 - INFO - Train Loss: 0.3204, Train Acc: 0.8904
2025-10-07 07:57:19,626 - INFO - Val   Loss: 0.7196, Val   Acc: 0.7952
2025-10-07 07:57:19,665 - INFO -   -> Best fine-tuned model saved.
2025-10-07 07:57:19,665 - INFO - [Epoch 10/60]
2025-10-07 07:57:24,660 - INFO - Train Loss: 0.2630, Train Acc: 0.9017
2025-10-07 07:57:24,661 - INFO - Val   Loss: 0.6537, Val   Acc: 0.8103
2025-10-07 07:57:24,708 - INFO -   -> Best fine-tuned model saved.
2025-10-07 07:57:24,708 - INFO - [Epoch 11/60]
2025-10-07 07:57:29,691 - INFO - Train Loss: 0.2274, Train Acc: 0.9131
2025-10-07 07:57:29,692 - INFO - Val   Loss: 0.6430, Val   Acc: 0.8106
2025-10-07 07:57:29,728 - INFO -   -> Best fine-tuned model saved.
2025-10-07 07:57:29,729 - INFO - [Epoch 12/60]
2025-10-07 07:57:34,657 - INFO - Train Loss: 0.2042, Train Acc: 0.9158
2025-10-07 07:57:34,658 - INFO - Val   Loss: 0.5923, Val   Acc: 0.8201
2025-10-07 07:57:34,707 - INFO -   -> Best fine-tuned model saved.
2025-10-07 07:57:34,708 - INFO - [Epoch 13/60]
2025-10-07 07:57:39,700 - INFO - Train Loss: 0.1787, Train Acc: 0.9291
2025-10-07 07:57:39,701 - INFO - Val   Loss: 0.5594, Val   Acc: 0.8273
2025-10-07 07:57:39,746 - INFO -   -> Best fine-tuned model saved.
2025-10-07 07:57:39,746 - INFO - [Epoch 14/60]
2025-10-07 07:57:44,821 - INFO - Train Loss: 0.1640, Train Acc: 0.9352
2025-10-07 07:57:44,822 - INFO - Val   Loss: 0.5247, Val   Acc: 0.8391
2025-10-07 07:57:44,869 - INFO -   -> Best fine-tuned model saved.
2025-10-07 07:57:44,870 - INFO - [Epoch 15/60]
2025-10-07 07:57:49,908 - INFO - Train Loss: 0.1523, Train Acc: 0.9398
2025-10-07 07:57:49,909 - INFO - Val   Loss: 0.5197, Val   Acc: 0.8461
2025-10-07 07:57:49,969 - INFO -   -> Best fine-tuned model saved.
2025-10-07 07:57:49,969 - INFO - [Epoch 16/60]
2025-10-07 07:57:55,015 - INFO - Train Loss: 0.1429, Train Acc: 0.9465
2025-10-07 07:57:55,016 - INFO - Val   Loss: 0.4962, Val   Acc: 0.8553
2025-10-07 07:57:55,120 - INFO -   -> Best fine-tuned model saved.
2025-10-07 07:57:55,120 - INFO - [Epoch 17/60]
2025-10-07 07:58:00,161 - INFO - Train Loss: 0.1304, Train Acc: 0.9492
2025-10-07 07:58:00,162 - INFO - Val   Loss: 0.4992, Val   Acc: 0.8576
2025-10-07 07:58:00,195 - INFO -   -> Best fine-tuned model saved.
2025-10-07 07:58:00,196 - INFO - [Epoch 18/60]
2025-10-07 07:58:05,248 - INFO - Train Loss: 0.1228, Train Acc: 0.9499
2025-10-07 07:58:05,249 - INFO - Val   Loss: 0.4659, Val   Acc: 0.8660
2025-10-07 07:58:05,295 - INFO -   -> Best fine-tuned model saved.
2025-10-07 07:58:05,296 - INFO - [Epoch 19/60]
2025-10-07 07:58:10,335 - INFO - Train Loss: 0.1126, Train Acc: 0.9586
2025-10-07 07:58:10,336 - INFO - Val   Loss: 0.4532, Val   Acc: 0.8712
2025-10-07 07:58:10,377 - INFO -   -> Best fine-tuned model saved.
2025-10-07 07:58:10,378 - INFO - [Epoch 20/60]
2025-10-07 07:58:15,349 - INFO - Train Loss: 0.1105, Train Acc: 0.9586
2025-10-07 07:58:15,350 - INFO - Val   Loss: 0.4846, Val   Acc: 0.8645
2025-10-07 07:58:15,352 - INFO -   -> No improvement (1/7)
2025-10-07 07:58:15,352 - INFO - [Epoch 21/60]
2025-10-07 07:58:20,276 - INFO - Train Loss: 0.1013, Train Acc: 0.9599
2025-10-07 07:58:20,276 - INFO - Val   Loss: 0.4553, Val   Acc: 0.8744
2025-10-07 07:58:20,334 - INFO -   -> Best fine-tuned model saved.
2025-10-07 07:58:20,335 - INFO - [Epoch 22/60]
2025-10-07 07:58:25,300 - INFO - Train Loss: 0.0935, Train Acc: 0.9619
2025-10-07 07:58:25,300 - INFO - Val   Loss: 0.4690, Val   Acc: 0.8708
2025-10-07 07:58:25,302 - INFO -   -> No improvement (1/7)
2025-10-07 07:58:25,302 - INFO - [Epoch 23/60]
2025-10-07 07:58:30,237 - INFO - Train Loss: 0.0909, Train Acc: 0.9619
2025-10-07 07:58:30,237 - INFO - Val   Loss: 0.4543, Val   Acc: 0.8779
2025-10-07 07:58:30,273 - INFO -   -> Best fine-tuned model saved.
2025-10-07 07:58:30,273 - INFO - [Epoch 24/60]
2025-10-07 07:58:35,221 - INFO - Train Loss: 0.0844, Train Acc: 0.9672
2025-10-07 07:58:35,221 - INFO - Val   Loss: 0.4621, Val   Acc: 0.8770
2025-10-07 07:58:35,223 - INFO -   -> No improvement (1/7)
2025-10-07 07:58:35,223 - INFO - [Epoch 25/60]
2025-10-07 07:58:40,249 - INFO - Train Loss: 0.0829, Train Acc: 0.9659
2025-10-07 07:58:40,249 - INFO - Val   Loss: 0.4706, Val   Acc: 0.8750
2025-10-07 07:58:40,249 - INFO -   -> No improvement (2/7)
2025-10-07 07:58:40,250 - INFO - [Epoch 26/60]
2025-10-07 07:58:45,182 - INFO - Train Loss: 0.0811, Train Acc: 0.9699
2025-10-07 07:58:45,182 - INFO - Val   Loss: 0.4499, Val   Acc: 0.8770
2025-10-07 07:58:45,184 - INFO -   -> No improvement (3/7)
2025-10-07 07:58:45,185 - INFO - [Epoch 27/60]
2025-10-07 07:58:50,123 - INFO - Train Loss: 0.0782, Train Acc: 0.9679
2025-10-07 07:58:50,123 - INFO - Val   Loss: 0.4962, Val   Acc: 0.8675
2025-10-07 07:58:50,124 - INFO -   -> No improvement (4/7)
2025-10-07 07:58:50,125 - INFO - [Epoch 28/60]
2025-10-07 07:58:55,075 - INFO - Train Loss: 0.0756, Train Acc: 0.9713
2025-10-07 07:58:55,075 - INFO - Val   Loss: 0.4589, Val   Acc: 0.8770
2025-10-07 07:58:55,077 - INFO -   -> No improvement (5/7)
2025-10-07 07:58:55,078 - INFO - [Epoch 29/60]
2025-10-07 07:59:00,118 - INFO - Train Loss: 0.0677, Train Acc: 0.9739
2025-10-07 07:59:00,118 - INFO - Val   Loss: 0.4669, Val   Acc: 0.8797
2025-10-07 07:59:00,182 - INFO -   -> Best fine-tuned model saved.
2025-10-07 07:59:00,183 - INFO - [Epoch 30/60]
2025-10-07 07:59:05,166 - INFO - Train Loss: 0.0677, Train Acc: 0.9706
2025-10-07 07:59:05,167 - INFO - Val   Loss: 0.4927, Val   Acc: 0.8764
2025-10-07 07:59:05,169 - INFO -   -> No improvement (1/7)
2025-10-07 07:59:05,169 - INFO - [Epoch 31/60]
2025-10-07 07:59:10,239 - INFO - Train Loss: 0.0631, Train Acc: 0.9759
2025-10-07 07:59:10,240 - INFO - Val   Loss: 0.4759, Val   Acc: 0.8783
2025-10-07 07:59:10,243 - INFO -   -> No improvement (2/7)
2025-10-07 07:59:10,243 - INFO - [Epoch 32/60]
2025-10-07 07:59:15,251 - INFO - Train Loss: 0.0591, Train Acc: 0.9759
2025-10-07 07:59:15,251 - INFO - Val   Loss: 0.4602, Val   Acc: 0.8790
2025-10-07 07:59:15,251 - INFO -   -> No improvement (3/7)
2025-10-07 07:59:15,253 - INFO - [Epoch 33/60]
2025-10-07 07:59:20,301 - INFO - Train Loss: 0.0608, Train Acc: 0.9726
2025-10-07 07:59:20,302 - INFO - Val   Loss: 0.4604, Val   Acc: 0.8763
2025-10-07 07:59:20,302 - INFO -   -> No improvement (4/7)
2025-10-07 07:59:20,306 - INFO - [Epoch 34/60]
2025-10-07 07:59:25,326 - INFO - Train Loss: 0.0582, Train Acc: 0.9733
2025-10-07 07:59:25,326 - INFO - Val   Loss: 0.4702, Val   Acc: 0.8782
2025-10-07 07:59:25,327 - INFO -   -> No improvement (5/7)
2025-10-07 07:59:25,329 - INFO - [Epoch 35/60]
2025-10-07 07:59:30,328 - INFO - Train Loss: 0.0558, Train Acc: 0.9773
2025-10-07 07:59:30,329 - INFO - Val   Loss: 0.4766, Val   Acc: 0.8792
2025-10-07 07:59:30,331 - INFO -   -> No improvement (6/7)
2025-10-07 07:59:30,331 - INFO - [Epoch 36/60]
2025-10-07 07:59:35,337 - INFO - Train Loss: 0.0526, Train Acc: 0.9786
2025-10-07 07:59:35,338 - INFO - Val   Loss: 0.4852, Val   Acc: 0.8808
2025-10-07 07:59:35,404 - INFO -   -> Best fine-tuned model saved.
2025-10-07 07:59:35,405 - INFO - [Epoch 37/60]
2025-10-07 07:59:40,381 - INFO - Train Loss: 0.0511, Train Acc: 0.9806
2025-10-07 07:59:40,381 - INFO - Val   Loss: 0.4811, Val   Acc: 0.8804
2025-10-07 07:59:40,381 - INFO -   -> No improvement (1/7)
2025-10-07 07:59:40,382 - INFO - [Epoch 38/60]
2025-10-07 07:59:45,401 - INFO - Train Loss: 0.0478, Train Acc: 0.9806
2025-10-07 07:59:45,401 - INFO - Val   Loss: 0.4725, Val   Acc: 0.8793
2025-10-07 07:59:45,401 - INFO -   -> No improvement (2/7)
2025-10-07 07:59:45,401 - INFO - [Epoch 39/60]
2025-10-07 07:59:50,420 - INFO - Train Loss: 0.0485, Train Acc: 0.9820
2025-10-07 07:59:50,420 - INFO - Val   Loss: 0.4740, Val   Acc: 0.8779
2025-10-07 07:59:50,420 - INFO -   -> No improvement (3/7)
2025-10-07 07:59:50,422 - INFO - [Epoch 40/60]
2025-10-07 07:59:55,396 - INFO - Train Loss: 0.0480, Train Acc: 0.9806
2025-10-07 07:59:55,397 - INFO - Val   Loss: 0.4837, Val   Acc: 0.8793
2025-10-07 07:59:55,399 - INFO -   -> No improvement (4/7)
2025-10-07 07:59:55,400 - INFO - [Epoch 41/60]
2025-10-07 08:00:00,418 - INFO - Train Loss: 0.0438, Train Acc: 0.9813
2025-10-07 08:00:00,418 - INFO - Val   Loss: 0.4941, Val   Acc: 0.8778
2025-10-07 08:00:00,421 - INFO -   -> No improvement (5/7)
2025-10-07 08:00:00,421 - INFO - [Epoch 42/60]
2025-10-07 08:00:05,573 - INFO - Train Loss: 0.0434, Train Acc: 0.9840
2025-10-07 08:00:05,574 - INFO - Val   Loss: 0.5035, Val   Acc: 0.8778
2025-10-07 08:00:05,574 - INFO -   -> No improvement (6/7)
2025-10-07 08:00:05,576 - INFO - [Epoch 43/60]
2025-10-07 08:00:10,559 - INFO - Train Loss: 0.0409, Train Acc: 0.9860
2025-10-07 08:00:10,560 - INFO - Val   Loss: 0.4993, Val   Acc: 0.8750
2025-10-07 08:00:10,562 - INFO -   -> No improvement (7/7)
2025-10-07 08:00:10,562 - INFO - Early stopping triggered.
2025-10-07 08:00:10,563 - INFO - 
Loading best fine-tuned model from /data/A-SpeedTransformer/models/transformer/experiments/finetune_lowshot/train200_lr2e-4_warmup0_freeze_attention/best_model.pth for final evaluation...
2025-10-07 08:00:18,607 - INFO - Test Loss: 0.5046, Test Accuracy: 0.8722
2025-10-07 08:00:18,647 - INFO - Classification Report:
              precision    recall  f1-score   support

        bike       0.95      0.82      0.88      6036
         bus       0.96      0.88      0.92      8482
         car       0.71      0.83      0.76      5166
       train       0.83      0.77      0.80      5922
        walk       0.89      0.99      0.94      8924

    accuracy                           0.87     34530
   macro avg       0.87      0.86      0.86     34530
weighted avg       0.88      0.87      0.87     34530

2025-10-07 08:00:19,031 - INFO - Saved confusion_matrix_finetune.png
2025-10-07 08:13:52,154 - INFO - Initializing DataProcessor for fine-tuning...
2025-10-07 08:14:18,434 - INFO - Loading pretrained model from: /data/A-SpeedTransformer/models/transformer/experiments/mobis_transformer_sweeps/mobis_lr1e-4_bs512_h8_d128_kv4_do0.1/best_model.pth
2025-10-07 08:14:18,455 - INFO - Frozen: Attention mechanisms in all unfrozen layers
2025-10-07 08:14:18,456 - INFO - [Epoch 1/60]
2025-10-07 08:14:23,556 - INFO - Train Loss: 3.1873, Train Acc: 0.3530
2025-10-07 08:14:23,557 - INFO - Val   Loss: 2.6682, Val   Acc: 0.5764
2025-10-07 08:14:23,644 - INFO -   -> Best fine-tuned model saved.
2025-10-07 08:14:23,645 - INFO - [Epoch 2/60]
2025-10-07 08:14:28,309 - INFO - Train Loss: 3.2032, Train Acc: 0.3562
2025-10-07 08:14:28,309 - INFO - Val   Loss: 2.6682, Val   Acc: 0.5764
2025-10-07 08:14:28,311 - INFO -   -> No improvement (1/7)
2025-10-07 08:14:28,311 - INFO - [Epoch 3/60]
2025-10-07 08:14:33,049 - INFO - Train Loss: 3.1987, Train Acc: 0.3627
2025-10-07 08:14:33,049 - INFO - Val   Loss: 2.6682, Val   Acc: 0.5764
2025-10-07 08:14:33,051 - INFO -   -> No improvement (2/7)
2025-10-07 08:14:33,051 - INFO - [Epoch 4/60]
2025-10-07 08:14:37,789 - INFO - Train Loss: 2.8928, Train Acc: 0.4431
2025-10-07 08:14:37,790 - INFO - Val   Loss: 2.3544, Val   Acc: 0.5836
2025-10-07 08:14:37,839 - INFO -   -> Best fine-tuned model saved.
2025-10-07 08:14:37,839 - INFO - [Epoch 5/60]
2025-10-07 08:14:42,535 - INFO - Train Loss: 2.2292, Train Acc: 0.5397
2025-10-07 08:14:42,536 - INFO - Val   Loss: 1.9154, Val   Acc: 0.5820
2025-10-07 08:14:42,538 - INFO -   -> No improvement (1/7)
2025-10-07 08:14:42,538 - INFO - [Epoch 6/60]
2025-10-07 08:14:47,212 - INFO - Train Loss: 1.6752, Train Acc: 0.5773
2025-10-07 08:14:47,212 - INFO - Val   Loss: 1.4837, Val   Acc: 0.6152
2025-10-07 08:14:47,243 - INFO -   -> Best fine-tuned model saved.
2025-10-07 08:14:47,244 - INFO - [Epoch 7/60]
2025-10-07 08:14:51,950 - INFO - Train Loss: 1.2097, Train Acc: 0.6320
2025-10-07 08:14:51,950 - INFO - Val   Loss: 1.3755, Val   Acc: 0.6036
2025-10-07 08:14:51,950 - INFO -   -> No improvement (1/7)
2025-10-07 08:14:51,952 - INFO - [Epoch 8/60]
2025-10-07 08:14:56,696 - INFO - Train Loss: 0.9870, Train Acc: 0.6373
2025-10-07 08:14:56,697 - INFO - Val   Loss: 1.3201, Val   Acc: 0.5980
2025-10-07 08:14:56,697 - INFO -   -> No improvement (2/7)
2025-10-07 08:14:56,697 - INFO - [Epoch 9/60]
2025-10-07 08:15:01,401 - INFO - Train Loss: 0.7529, Train Acc: 0.7511
2025-10-07 08:15:01,402 - INFO - Val   Loss: 1.1617, Val   Acc: 0.6404
2025-10-07 08:15:01,449 - INFO -   -> Best fine-tuned model saved.
2025-10-07 08:15:01,449 - INFO - [Epoch 10/60]
2025-10-07 08:15:06,154 - INFO - Train Loss: 0.5032, Train Acc: 0.8251
2025-10-07 08:15:06,154 - INFO - Val   Loss: 1.0259, Val   Acc: 0.6900
2025-10-07 08:15:06,187 - INFO -   -> Best fine-tuned model saved.
2025-10-07 08:15:06,187 - INFO - [Epoch 11/60]
2025-10-07 08:15:11,035 - INFO - Train Loss: 0.3596, Train Acc: 0.8841
2025-10-07 08:15:11,036 - INFO - Val   Loss: 0.9659, Val   Acc: 0.7304
2025-10-07 08:15:11,071 - INFO -   -> Best fine-tuned model saved.
2025-10-07 08:15:11,071 - INFO - [Epoch 12/60]
2025-10-07 08:15:15,746 - INFO - Train Loss: 0.3039, Train Acc: 0.9077
2025-10-07 08:15:15,747 - INFO - Val   Loss: 0.9359, Val   Acc: 0.7411
2025-10-07 08:15:15,794 - INFO -   -> Best fine-tuned model saved.
2025-10-07 08:15:15,795 - INFO - [Epoch 13/60]
2025-10-07 08:15:20,522 - INFO - Train Loss: 0.2847, Train Acc: 0.9163
2025-10-07 08:15:20,522 - INFO - Val   Loss: 0.9020, Val   Acc: 0.7534
2025-10-07 08:15:20,590 - INFO -   -> Best fine-tuned model saved.
2025-10-07 08:15:20,591 - INFO - [Epoch 14/60]
2025-10-07 08:15:25,287 - INFO - Train Loss: 0.2497, Train Acc: 0.9217
2025-10-07 08:15:25,287 - INFO - Val   Loss: 0.8537, Val   Acc: 0.7700
2025-10-07 08:15:25,338 - INFO -   -> Best fine-tuned model saved.
2025-10-07 08:15:25,339 - INFO - [Epoch 15/60]
2025-10-07 08:15:30,040 - INFO - Train Loss: 0.2269, Train Acc: 0.9260
2025-10-07 08:15:30,041 - INFO - Val   Loss: 0.7993, Val   Acc: 0.7866
2025-10-07 08:15:30,079 - INFO -   -> Best fine-tuned model saved.
2025-10-07 08:15:30,079 - INFO - [Epoch 16/60]
2025-10-07 08:15:34,774 - INFO - Train Loss: 0.2041, Train Acc: 0.9324
2025-10-07 08:15:34,774 - INFO - Val   Loss: 0.7505, Val   Acc: 0.7982
2025-10-07 08:15:34,812 - INFO -   -> Best fine-tuned model saved.
2025-10-07 08:15:34,813 - INFO - [Epoch 17/60]
2025-10-07 08:15:39,536 - INFO - Train Loss: 0.1824, Train Acc: 0.9335
2025-10-07 08:15:39,537 - INFO - Val   Loss: 0.7134, Val   Acc: 0.8056
2025-10-07 08:15:39,654 - INFO -   -> Best fine-tuned model saved.
2025-10-07 08:15:39,655 - INFO - [Epoch 18/60]
2025-10-07 08:15:44,359 - INFO - Train Loss: 0.1620, Train Acc: 0.9431
2025-10-07 08:15:44,360 - INFO - Val   Loss: 0.6887, Val   Acc: 0.8079
2025-10-07 08:15:44,393 - INFO -   -> Best fine-tuned model saved.
2025-10-07 08:15:44,393 - INFO - [Epoch 19/60]
2025-10-07 08:15:49,060 - INFO - Train Loss: 0.1557, Train Acc: 0.9378
2025-10-07 08:15:49,060 - INFO - Val   Loss: 0.6718, Val   Acc: 0.8106
2025-10-07 08:15:49,103 - INFO -   -> Best fine-tuned model saved.
2025-10-07 08:15:49,104 - INFO - [Epoch 20/60]
2025-10-07 08:15:53,800 - INFO - Train Loss: 0.1420, Train Acc: 0.9431
2025-10-07 08:15:53,800 - INFO - Val   Loss: 0.6575, Val   Acc: 0.8147
2025-10-07 08:15:53,843 - INFO -   -> Best fine-tuned model saved.
2025-10-07 08:15:53,844 - INFO - [Epoch 21/60]
2025-10-07 08:15:58,540 - INFO - Train Loss: 0.1291, Train Acc: 0.9410
2025-10-07 08:15:58,540 - INFO - Val   Loss: 0.6435, Val   Acc: 0.8194
2025-10-07 08:15:58,571 - INFO -   -> Best fine-tuned model saved.
2025-10-07 08:15:58,572 - INFO - [Epoch 22/60]
2025-10-07 08:16:03,230 - INFO - Train Loss: 0.1157, Train Acc: 0.9571
2025-10-07 08:16:03,230 - INFO - Val   Loss: 0.6374, Val   Acc: 0.8258
2025-10-07 08:16:03,272 - INFO -   -> Best fine-tuned model saved.
2025-10-07 08:16:03,272 - INFO - [Epoch 23/60]
2025-10-07 08:16:07,939 - INFO - Train Loss: 0.1067, Train Acc: 0.9614
2025-10-07 08:16:07,940 - INFO - Val   Loss: 0.6346, Val   Acc: 0.8284
2025-10-07 08:16:07,974 - INFO -   -> Best fine-tuned model saved.
2025-10-07 08:16:07,974 - INFO - [Epoch 24/60]
2025-10-07 08:16:12,703 - INFO - Train Loss: 0.1030, Train Acc: 0.9624
2025-10-07 08:16:12,703 - INFO - Val   Loss: 0.6312, Val   Acc: 0.8312
2025-10-07 08:16:12,759 - INFO -   -> Best fine-tuned model saved.
2025-10-07 08:16:12,760 - INFO - [Epoch 25/60]
2025-10-07 08:16:17,457 - INFO - Train Loss: 0.0956, Train Acc: 0.9657
2025-10-07 08:16:17,458 - INFO - Val   Loss: 0.6288, Val   Acc: 0.8341
2025-10-07 08:16:17,512 - INFO -   -> Best fine-tuned model saved.
2025-10-07 08:16:17,512 - INFO - [Epoch 26/60]
2025-10-07 08:16:22,245 - INFO - Train Loss: 0.0844, Train Acc: 0.9721
2025-10-07 08:16:22,246 - INFO - Val   Loss: 0.6336, Val   Acc: 0.8347
2025-10-07 08:16:22,295 - INFO -   -> Best fine-tuned model saved.
2025-10-07 08:16:22,296 - INFO - [Epoch 27/60]
2025-10-07 08:16:27,075 - INFO - Train Loss: 0.0794, Train Acc: 0.9732
2025-10-07 08:16:27,075 - INFO - Val   Loss: 0.6176, Val   Acc: 0.8385
2025-10-07 08:16:27,114 - INFO -   -> Best fine-tuned model saved.
2025-10-07 08:16:27,115 - INFO - [Epoch 28/60]
2025-10-07 08:16:31,859 - INFO - Train Loss: 0.0716, Train Acc: 0.9742
2025-10-07 08:16:31,860 - INFO - Val   Loss: 0.6172, Val   Acc: 0.8423
2025-10-07 08:16:31,913 - INFO -   -> Best fine-tuned model saved.
2025-10-07 08:16:31,914 - INFO - [Epoch 29/60]
2025-10-07 08:16:36,634 - INFO - Train Loss: 0.0680, Train Acc: 0.9764
2025-10-07 08:16:36,635 - INFO - Val   Loss: 0.5970, Val   Acc: 0.8494
2025-10-07 08:16:36,672 - INFO -   -> Best fine-tuned model saved.
2025-10-07 08:16:36,672 - INFO - [Epoch 30/60]
2025-10-07 08:16:41,412 - INFO - Train Loss: 0.0619, Train Acc: 0.9785
2025-10-07 08:16:41,413 - INFO - Val   Loss: 0.6026, Val   Acc: 0.8521
2025-10-07 08:16:41,457 - INFO -   -> Best fine-tuned model saved.
2025-10-07 08:16:41,458 - INFO - [Epoch 31/60]
2025-10-07 08:16:46,204 - INFO - Train Loss: 0.0601, Train Acc: 0.9796
2025-10-07 08:16:46,204 - INFO - Val   Loss: 0.5891, Val   Acc: 0.8571
2025-10-07 08:16:46,267 - INFO -   -> Best fine-tuned model saved.
2025-10-07 08:16:46,268 - INFO - [Epoch 32/60]
2025-10-07 08:16:50,985 - INFO - Train Loss: 0.0597, Train Acc: 0.9775
2025-10-07 08:16:50,985 - INFO - Val   Loss: 0.5882, Val   Acc: 0.8582
2025-10-07 08:16:51,035 - INFO -   -> Best fine-tuned model saved.
2025-10-07 08:16:51,036 - INFO - [Epoch 33/60]
2025-10-07 08:16:55,784 - INFO - Train Loss: 0.0555, Train Acc: 0.9785
2025-10-07 08:16:55,784 - INFO - Val   Loss: 0.5823, Val   Acc: 0.8586
2025-10-07 08:16:55,820 - INFO -   -> Best fine-tuned model saved.
2025-10-07 08:16:55,821 - INFO - [Epoch 34/60]
2025-10-07 08:17:00,549 - INFO - Train Loss: 0.0503, Train Acc: 0.9850
2025-10-07 08:17:00,549 - INFO - Val   Loss: 0.5637, Val   Acc: 0.8616
2025-10-07 08:17:00,631 - INFO -   -> Best fine-tuned model saved.
2025-10-07 08:17:00,631 - INFO - [Epoch 35/60]
2025-10-07 08:17:05,297 - INFO - Train Loss: 0.0480, Train Acc: 0.9818
2025-10-07 08:17:05,297 - INFO - Val   Loss: 0.5673, Val   Acc: 0.8614
2025-10-07 08:17:05,300 - INFO -   -> No improvement (1/7)
2025-10-07 08:17:05,300 - INFO - [Epoch 36/60]
2025-10-07 08:17:10,069 - INFO - Train Loss: 0.0405, Train Acc: 0.9871
2025-10-07 08:17:10,070 - INFO - Val   Loss: 0.5746, Val   Acc: 0.8611
2025-10-07 08:17:10,072 - INFO -   -> No improvement (2/7)
2025-10-07 08:17:10,072 - INFO - [Epoch 37/60]
2025-10-07 08:17:14,759 - INFO - Train Loss: 0.0401, Train Acc: 0.9850
2025-10-07 08:17:14,760 - INFO - Val   Loss: 0.5908, Val   Acc: 0.8595
2025-10-07 08:17:14,760 - INFO -   -> No improvement (3/7)
2025-10-07 08:17:14,762 - INFO - [Epoch 38/60]
2025-10-07 08:17:19,470 - INFO - Train Loss: 0.0400, Train Acc: 0.9850
2025-10-07 08:17:19,470 - INFO - Val   Loss: 0.5688, Val   Acc: 0.8632
2025-10-07 08:17:19,520 - INFO -   -> Best fine-tuned model saved.
2025-10-07 08:17:19,522 - INFO - [Epoch 39/60]
2025-10-07 08:17:24,212 - INFO - Train Loss: 0.0448, Train Acc: 0.9818
2025-10-07 08:17:24,213 - INFO - Val   Loss: 0.5572, Val   Acc: 0.8648
2025-10-07 08:17:24,260 - INFO -   -> Best fine-tuned model saved.
2025-10-07 08:17:24,261 - INFO - [Epoch 40/60]
2025-10-07 08:17:29,018 - INFO - Train Loss: 0.0370, Train Acc: 0.9850
2025-10-07 08:17:29,019 - INFO - Val   Loss: 0.5896, Val   Acc: 0.8611
2025-10-07 08:17:29,020 - INFO -   -> No improvement (1/7)
2025-10-07 08:17:29,021 - INFO - [Epoch 41/60]
2025-10-07 08:17:33,728 - INFO - Train Loss: 0.0347, Train Acc: 0.9871
2025-10-07 08:17:33,728 - INFO - Val   Loss: 0.5707, Val   Acc: 0.8676
2025-10-07 08:17:33,872 - INFO -   -> Best fine-tuned model saved.
2025-10-07 08:17:33,873 - INFO - [Epoch 42/60]
2025-10-07 08:17:38,572 - INFO - Train Loss: 0.0334, Train Acc: 0.9839
2025-10-07 08:17:38,572 - INFO - Val   Loss: 0.5733, Val   Acc: 0.8693
2025-10-07 08:17:38,629 - INFO -   -> Best fine-tuned model saved.
2025-10-07 08:17:38,630 - INFO - [Epoch 43/60]
2025-10-07 08:17:43,324 - INFO - Train Loss: 0.0323, Train Acc: 0.9828
2025-10-07 08:17:43,325 - INFO - Val   Loss: 0.5875, Val   Acc: 0.8664
2025-10-07 08:17:43,327 - INFO -   -> No improvement (1/7)
2025-10-07 08:17:43,327 - INFO - [Epoch 44/60]
2025-10-07 08:17:48,050 - INFO - Train Loss: 0.0307, Train Acc: 0.9893
2025-10-07 08:17:48,051 - INFO - Val   Loss: 0.6011, Val   Acc: 0.8625
2025-10-07 08:17:48,053 - INFO -   -> No improvement (2/7)
2025-10-07 08:17:48,053 - INFO - [Epoch 45/60]
2025-10-07 08:17:52,803 - INFO - Train Loss: 0.0338, Train Acc: 0.9839
2025-10-07 08:17:52,803 - INFO - Val   Loss: 0.6227, Val   Acc: 0.8602
2025-10-07 08:17:52,805 - INFO -   -> No improvement (3/7)
2025-10-07 08:17:52,805 - INFO - [Epoch 46/60]
2025-10-07 08:17:57,537 - INFO - Train Loss: 0.0299, Train Acc: 0.9871
2025-10-07 08:17:57,537 - INFO - Val   Loss: 0.6132, Val   Acc: 0.8662
2025-10-07 08:17:57,542 - INFO -   -> No improvement (4/7)
2025-10-07 08:17:57,542 - INFO - [Epoch 47/60]
2025-10-07 08:18:02,238 - INFO - Train Loss: 0.0282, Train Acc: 0.9903
2025-10-07 08:18:02,238 - INFO - Val   Loss: 0.6133, Val   Acc: 0.8673
2025-10-07 08:18:02,238 - INFO -   -> No improvement (5/7)
2025-10-07 08:18:02,241 - INFO - [Epoch 48/60]
2025-10-07 08:18:06,939 - INFO - Train Loss: 0.0269, Train Acc: 0.9871
2025-10-07 08:18:06,940 - INFO - Val   Loss: 0.6206, Val   Acc: 0.8622
2025-10-07 08:18:06,940 - INFO -   -> No improvement (6/7)
2025-10-07 08:18:06,940 - INFO - [Epoch 49/60]
2025-10-07 08:18:11,700 - INFO - Train Loss: 0.0274, Train Acc: 0.9893
2025-10-07 08:18:11,701 - INFO - Val   Loss: 0.6085, Val   Acc: 0.8640
2025-10-07 08:18:11,702 - INFO -   -> No improvement (7/7)
2025-10-07 08:18:11,703 - INFO - Early stopping triggered.
2025-10-07 08:18:11,704 - INFO - 
Loading best fine-tuned model from /data/A-SpeedTransformer/models/transformer/experiments/finetune_lowshot/train100_lr2e-4_warmup0_freeze_attention/best_model.pth for final evaluation...
2025-10-07 08:18:20,001 - INFO - Test Loss: 0.6211, Test Accuracy: 0.8580
2025-10-07 08:18:20,051 - INFO - Classification Report:
              precision    recall  f1-score   support

        bike       0.94      0.78      0.85      5999
         bus       0.93      0.87      0.90      8337
         car       0.68      0.75      0.71      5237
       train       0.79      0.80      0.80      6872
        walk       0.91      0.99      0.95      9304

    accuracy                           0.86     35749
   macro avg       0.85      0.84      0.84     35749
weighted avg       0.86      0.86      0.86     35749

2025-10-07 08:18:20,432 - INFO - Saved confusion_matrix_finetune.png
2025-10-07 08:21:24,498 - INFO - Initializing DataProcessor for fine-tuning...
2025-10-07 08:21:49,649 - INFO - Loading pretrained model from: /data/A-SpeedTransformer/models/transformer/experiments/mobis_transformer_sweeps/mobis_lr1e-4_bs512_h8_d128_kv4_do0.1/best_model.pth
2025-10-07 08:21:49,673 - INFO - Frozen: Attention mechanisms in all unfrozen layers
2025-10-07 08:21:49,675 - INFO - [Epoch 1/60]
2025-10-07 08:21:55,014 - INFO - Train Loss: 3.1988, Train Acc: 0.4071
2025-10-07 08:21:55,014 - INFO - Val   Loss: 2.4862, Val   Acc: 0.5708
2025-10-07 08:21:55,054 - INFO -   -> Best fine-tuned model saved.
2025-10-07 08:21:55,055 - INFO - [Epoch 2/60]
2025-10-07 08:22:00,034 - INFO - Train Loss: 3.1848, Train Acc: 0.4057
2025-10-07 08:22:00,035 - INFO - Val   Loss: 2.4862, Val   Acc: 0.5708
2025-10-07 08:22:00,039 - INFO -   -> No improvement (1/7)
2025-10-07 08:22:00,039 - INFO - [Epoch 3/60]
2025-10-07 08:22:05,160 - INFO - Train Loss: 2.6424, Train Acc: 0.4799
2025-10-07 08:22:05,161 - INFO - Val   Loss: 1.8432, Val   Acc: 0.6059
2025-10-07 08:22:05,243 - INFO -   -> Best fine-tuned model saved.
2025-10-07 08:22:05,243 - INFO - [Epoch 4/60]
2025-10-07 08:22:10,380 - INFO - Train Loss: 1.5354, Train Acc: 0.6083
2025-10-07 08:22:10,380 - INFO - Val   Loss: 1.4491, Val   Acc: 0.6165
2025-10-07 08:22:10,442 - INFO -   -> Best fine-tuned model saved.
2025-10-07 08:22:10,443 - INFO - [Epoch 5/60]
2025-10-07 08:22:15,470 - INFO - Train Loss: 1.0700, Train Acc: 0.6477
2025-10-07 08:22:15,470 - INFO - Val   Loss: 1.3388, Val   Acc: 0.6102
2025-10-07 08:22:15,473 - INFO -   -> No improvement (1/7)
2025-10-07 08:22:15,473 - INFO - [Epoch 6/60]
2025-10-07 08:22:20,513 - INFO - Train Loss: 0.7874, Train Acc: 0.7487
2025-10-07 08:22:20,514 - INFO - Val   Loss: 1.0677, Val   Acc: 0.6975
2025-10-07 08:22:20,590 - INFO -   -> Best fine-tuned model saved.
2025-10-07 08:22:20,591 - INFO - [Epoch 7/60]
2025-10-07 08:22:25,649 - INFO - Train Loss: 0.4954, Train Acc: 0.8583
2025-10-07 08:22:25,649 - INFO - Val   Loss: 0.9058, Val   Acc: 0.7553
2025-10-07 08:22:25,684 - INFO -   -> Best fine-tuned model saved.
2025-10-07 08:22:25,685 - INFO - [Epoch 8/60]
2025-10-07 08:22:30,680 - INFO - Train Loss: 0.3854, Train Acc: 0.8650
2025-10-07 08:22:30,680 - INFO - Val   Loss: 0.8150, Val   Acc: 0.7728
2025-10-07 08:22:30,719 - INFO -   -> Best fine-tuned model saved.
2025-10-07 08:22:30,719 - INFO - [Epoch 9/60]
2025-10-07 08:22:35,702 - INFO - Train Loss: 0.3204, Train Acc: 0.8904
2025-10-07 08:22:35,703 - INFO - Val   Loss: 0.7196, Val   Acc: 0.7952
2025-10-07 08:22:35,774 - INFO -   -> Best fine-tuned model saved.
2025-10-07 08:22:35,774 - INFO - [Epoch 10/60]
2025-10-07 08:22:40,774 - INFO - Train Loss: 0.2630, Train Acc: 0.9017
2025-10-07 08:22:40,774 - INFO - Val   Loss: 0.6537, Val   Acc: 0.8103
2025-10-07 08:22:40,824 - INFO -   -> Best fine-tuned model saved.
2025-10-07 08:22:40,824 - INFO - [Epoch 11/60]
2025-10-07 08:22:45,817 - INFO - Train Loss: 0.2274, Train Acc: 0.9131
2025-10-07 08:22:45,818 - INFO - Val   Loss: 0.6430, Val   Acc: 0.8106
2025-10-07 08:22:45,896 - INFO -   -> Best fine-tuned model saved.
2025-10-07 08:22:45,897 - INFO - [Epoch 12/60]
2025-10-07 08:22:50,929 - INFO - Train Loss: 0.2042, Train Acc: 0.9158
2025-10-07 08:22:50,930 - INFO - Val   Loss: 0.5923, Val   Acc: 0.8201
2025-10-07 08:22:51,030 - INFO -   -> Best fine-tuned model saved.
2025-10-07 08:22:51,031 - INFO - [Epoch 13/60]
2025-10-07 08:22:56,041 - INFO - Train Loss: 0.1787, Train Acc: 0.9291
2025-10-07 08:22:56,041 - INFO - Val   Loss: 0.5594, Val   Acc: 0.8273
2025-10-07 08:22:56,082 - INFO -   -> Best fine-tuned model saved.
2025-10-07 08:22:56,083 - INFO - [Epoch 14/60]
2025-10-07 08:23:01,102 - INFO - Train Loss: 0.1640, Train Acc: 0.9352
2025-10-07 08:23:01,102 - INFO - Val   Loss: 0.5247, Val   Acc: 0.8391
2025-10-07 08:23:01,135 - INFO -   -> Best fine-tuned model saved.
2025-10-07 08:23:01,136 - INFO - [Epoch 15/60]
2025-10-07 08:23:06,120 - INFO - Train Loss: 0.1523, Train Acc: 0.9398
2025-10-07 08:23:06,121 - INFO - Val   Loss: 0.5197, Val   Acc: 0.8461
2025-10-07 08:23:06,167 - INFO -   -> Best fine-tuned model saved.
2025-10-07 08:23:06,168 - INFO - [Epoch 16/60]
2025-10-07 08:23:11,213 - INFO - Train Loss: 0.1429, Train Acc: 0.9465
2025-10-07 08:23:11,213 - INFO - Val   Loss: 0.4962, Val   Acc: 0.8553
2025-10-07 08:23:11,260 - INFO -   -> Best fine-tuned model saved.
2025-10-07 08:23:11,261 - INFO - [Epoch 17/60]
2025-10-07 08:23:16,259 - INFO - Train Loss: 0.1304, Train Acc: 0.9492
2025-10-07 08:23:16,259 - INFO - Val   Loss: 0.4992, Val   Acc: 0.8576
2025-10-07 08:23:16,302 - INFO -   -> Best fine-tuned model saved.
2025-10-07 08:23:16,303 - INFO - [Epoch 18/60]
2025-10-07 08:23:21,254 - INFO - Train Loss: 0.1228, Train Acc: 0.9499
2025-10-07 08:23:21,255 - INFO - Val   Loss: 0.4659, Val   Acc: 0.8660
2025-10-07 08:23:21,299 - INFO -   -> Best fine-tuned model saved.
2025-10-07 08:23:21,300 - INFO - [Epoch 19/60]
2025-10-07 08:23:26,291 - INFO - Train Loss: 0.1126, Train Acc: 0.9586
2025-10-07 08:23:26,292 - INFO - Val   Loss: 0.4532, Val   Acc: 0.8712
2025-10-07 08:23:26,331 - INFO -   -> Best fine-tuned model saved.
2025-10-07 08:23:26,332 - INFO - [Epoch 20/60]
2025-10-07 08:23:31,316 - INFO - Train Loss: 0.1105, Train Acc: 0.9586
2025-10-07 08:23:31,316 - INFO - Val   Loss: 0.4846, Val   Acc: 0.8645
2025-10-07 08:23:31,318 - INFO -   -> No improvement (1/7)
2025-10-07 08:23:31,319 - INFO - [Epoch 21/60]
2025-10-07 08:23:36,256 - INFO - Train Loss: 0.1013, Train Acc: 0.9599
2025-10-07 08:23:36,257 - INFO - Val   Loss: 0.4553, Val   Acc: 0.8744
2025-10-07 08:23:36,304 - INFO -   -> Best fine-tuned model saved.
2025-10-07 08:23:36,304 - INFO - [Epoch 22/60]
2025-10-07 08:23:41,313 - INFO - Train Loss: 0.0935, Train Acc: 0.9619
2025-10-07 08:23:41,314 - INFO - Val   Loss: 0.4690, Val   Acc: 0.8708
2025-10-07 08:23:41,316 - INFO -   -> No improvement (1/7)
2025-10-07 08:23:41,316 - INFO - [Epoch 23/60]
2025-10-07 08:23:46,260 - INFO - Train Loss: 0.0909, Train Acc: 0.9619
2025-10-07 08:23:46,261 - INFO - Val   Loss: 0.4543, Val   Acc: 0.8779
2025-10-07 08:23:46,297 - INFO -   -> Best fine-tuned model saved.
2025-10-07 08:23:46,298 - INFO - [Epoch 24/60]
2025-10-07 08:23:51,376 - INFO - Train Loss: 0.0844, Train Acc: 0.9672
2025-10-07 08:23:51,377 - INFO - Val   Loss: 0.4621, Val   Acc: 0.8770
2025-10-07 08:23:51,379 - INFO -   -> No improvement (1/7)
2025-10-07 08:23:51,380 - INFO - [Epoch 25/60]
2025-10-07 08:23:56,322 - INFO - Train Loss: 0.0829, Train Acc: 0.9659
2025-10-07 08:23:56,323 - INFO - Val   Loss: 0.4706, Val   Acc: 0.8750
2025-10-07 08:23:56,325 - INFO -   -> No improvement (2/7)
2025-10-07 08:23:56,325 - INFO - [Epoch 26/60]
2025-10-07 08:24:01,274 - INFO - Train Loss: 0.0811, Train Acc: 0.9699
2025-10-07 08:24:01,274 - INFO - Val   Loss: 0.4499, Val   Acc: 0.8770
2025-10-07 08:24:01,276 - INFO -   -> No improvement (3/7)
2025-10-07 08:24:01,276 - INFO - [Epoch 27/60]
2025-10-07 08:24:06,298 - INFO - Train Loss: 0.0782, Train Acc: 0.9679
2025-10-07 08:24:06,299 - INFO - Val   Loss: 0.4962, Val   Acc: 0.8675
2025-10-07 08:24:06,301 - INFO -   -> No improvement (4/7)
2025-10-07 08:24:06,302 - INFO - [Epoch 28/60]
2025-10-07 08:24:11,247 - INFO - Train Loss: 0.0756, Train Acc: 0.9713
2025-10-07 08:24:11,248 - INFO - Val   Loss: 0.4589, Val   Acc: 0.8770
2025-10-07 08:24:11,250 - INFO -   -> No improvement (5/7)
2025-10-07 08:24:11,250 - INFO - [Epoch 29/60]
2025-10-07 08:24:16,178 - INFO - Train Loss: 0.0677, Train Acc: 0.9739
2025-10-07 08:24:16,179 - INFO - Val   Loss: 0.4669, Val   Acc: 0.8797
2025-10-07 08:24:16,219 - INFO -   -> Best fine-tuned model saved.
2025-10-07 08:24:16,219 - INFO - [Epoch 30/60]
2025-10-07 08:24:21,157 - INFO - Train Loss: 0.0677, Train Acc: 0.9706
2025-10-07 08:24:21,158 - INFO - Val   Loss: 0.4927, Val   Acc: 0.8764
2025-10-07 08:24:21,160 - INFO -   -> No improvement (1/7)
2025-10-07 08:24:21,160 - INFO - [Epoch 31/60]
2025-10-07 08:24:26,142 - INFO - Train Loss: 0.0631, Train Acc: 0.9759
2025-10-07 08:24:26,142 - INFO - Val   Loss: 0.4759, Val   Acc: 0.8783
2025-10-07 08:24:26,144 - INFO -   -> No improvement (2/7)
2025-10-07 08:24:26,145 - INFO - [Epoch 32/60]
2025-10-07 08:24:31,139 - INFO - Train Loss: 0.0591, Train Acc: 0.9759
2025-10-07 08:24:31,139 - INFO - Val   Loss: 0.4602, Val   Acc: 0.8790
2025-10-07 08:24:31,141 - INFO -   -> No improvement (3/7)
2025-10-07 08:24:31,142 - INFO - [Epoch 33/60]
2025-10-07 08:24:36,068 - INFO - Train Loss: 0.0608, Train Acc: 0.9726
2025-10-07 08:24:36,068 - INFO - Val   Loss: 0.4604, Val   Acc: 0.8763
2025-10-07 08:24:36,071 - INFO -   -> No improvement (4/7)
2025-10-07 08:24:36,071 - INFO - [Epoch 34/60]
2025-10-07 08:24:41,006 - INFO - Train Loss: 0.0582, Train Acc: 0.9733
2025-10-07 08:24:41,006 - INFO - Val   Loss: 0.4702, Val   Acc: 0.8782
2025-10-07 08:24:41,008 - INFO -   -> No improvement (5/7)
2025-10-07 08:24:41,008 - INFO - [Epoch 35/60]
2025-10-07 08:24:45,936 - INFO - Train Loss: 0.0558, Train Acc: 0.9773
2025-10-07 08:24:45,936 - INFO - Val   Loss: 0.4766, Val   Acc: 0.8792
2025-10-07 08:24:45,936 - INFO -   -> No improvement (6/7)
2025-10-07 08:24:45,936 - INFO - [Epoch 36/60]
2025-10-07 08:24:50,885 - INFO - Train Loss: 0.0526, Train Acc: 0.9786
2025-10-07 08:24:50,885 - INFO - Val   Loss: 0.4852, Val   Acc: 0.8808
2025-10-07 08:24:50,953 - INFO -   -> Best fine-tuned model saved.
2025-10-07 08:24:50,954 - INFO - [Epoch 37/60]
2025-10-07 08:24:55,902 - INFO - Train Loss: 0.0511, Train Acc: 0.9806
2025-10-07 08:24:55,902 - INFO - Val   Loss: 0.4811, Val   Acc: 0.8804
2025-10-07 08:24:55,904 - INFO -   -> No improvement (1/7)
2025-10-07 08:24:55,904 - INFO - [Epoch 38/60]
2025-10-07 08:25:00,891 - INFO - Train Loss: 0.0478, Train Acc: 0.9806
2025-10-07 08:25:00,891 - INFO - Val   Loss: 0.4725, Val   Acc: 0.8793
2025-10-07 08:25:00,893 - INFO -   -> No improvement (2/7)
2025-10-07 08:25:00,894 - INFO - [Epoch 39/60]
2025-10-07 08:25:05,855 - INFO - Train Loss: 0.0485, Train Acc: 0.9820
2025-10-07 08:25:05,855 - INFO - Val   Loss: 0.4740, Val   Acc: 0.8779
2025-10-07 08:25:05,855 - INFO -   -> No improvement (3/7)
2025-10-07 08:25:05,857 - INFO - [Epoch 40/60]
2025-10-07 08:25:10,858 - INFO - Train Loss: 0.0480, Train Acc: 0.9806
2025-10-07 08:25:10,858 - INFO - Val   Loss: 0.4837, Val   Acc: 0.8793
2025-10-07 08:25:10,860 - INFO -   -> No improvement (4/7)
2025-10-07 08:25:10,861 - INFO - [Epoch 41/60]
2025-10-07 08:25:15,861 - INFO - Train Loss: 0.0438, Train Acc: 0.9813
2025-10-07 08:25:15,862 - INFO - Val   Loss: 0.4941, Val   Acc: 0.8778
2025-10-07 08:25:15,865 - INFO -   -> No improvement (5/7)
2025-10-07 08:25:15,865 - INFO - [Epoch 42/60]
2025-10-07 08:25:20,863 - INFO - Train Loss: 0.0434, Train Acc: 0.9840
2025-10-07 08:25:20,863 - INFO - Val   Loss: 0.5035, Val   Acc: 0.8778
2025-10-07 08:25:20,865 - INFO -   -> No improvement (6/7)
2025-10-07 08:25:20,865 - INFO - [Epoch 43/60]
2025-10-07 08:25:25,868 - INFO - Train Loss: 0.0409, Train Acc: 0.9860
2025-10-07 08:25:25,868 - INFO - Val   Loss: 0.4993, Val   Acc: 0.8750
2025-10-07 08:25:25,870 - INFO -   -> No improvement (7/7)
2025-10-07 08:25:25,870 - INFO - Early stopping triggered.
2025-10-07 08:25:25,872 - INFO - 
Loading best fine-tuned model from /data/A-SpeedTransformer/models/transformer/experiments/finetune_lowshot/train200_lr2e-4_warmup0_freeze_attention/best_model.pth for final evaluation...
2025-10-07 08:25:33,926 - INFO - Test Loss: 0.5046, Test Accuracy: 0.8722
2025-10-07 08:25:33,967 - INFO - Classification Report:
              precision    recall  f1-score   support

        bike       0.95      0.82      0.88      6036
         bus       0.96      0.88      0.92      8482
         car       0.71      0.83      0.76      5166
       train       0.83      0.77      0.80      5922
        walk       0.89      0.99      0.94      8924

    accuracy                           0.87     34530
   macro avg       0.87      0.86      0.86     34530
weighted avg       0.88      0.87      0.87     34530

2025-10-07 08:25:34,359 - INFO - Saved confusion_matrix_finetune.png
2025-10-07 08:41:22,923 - INFO - Initializing DataProcessor for fine-tuning...
2025-10-07 08:41:45,160 - INFO - Loading pretrained model from: /data/A-SpeedTransformer/models/transformer/experiments/mobis_transformer_sweeps/mobis_lr1e-4_bs512_h8_d128_kv4_do0.1/best_model.pth
2025-10-07 08:41:45,176 - INFO - Frozen: Attention mechanisms in all unfrozen layers
2025-10-07 08:41:45,177 - INFO - [Epoch 1/60]
2025-10-07 08:41:50,137 - INFO - Train Loss: 3.1873, Train Acc: 0.3530
2025-10-07 08:41:50,137 - INFO - Val   Loss: 2.6682, Val   Acc: 0.5764
2025-10-07 08:41:50,186 - INFO -   -> Best fine-tuned model saved.
2025-10-07 08:41:50,187 - INFO - [Epoch 2/60]
2025-10-07 08:41:54,881 - INFO - Train Loss: 3.2032, Train Acc: 0.3562
2025-10-07 08:41:54,882 - INFO - Val   Loss: 2.6682, Val   Acc: 0.5764
2025-10-07 08:41:54,884 - INFO -   -> No improvement (1/7)
2025-10-07 08:41:54,884 - INFO - [Epoch 3/60]
2025-10-07 08:41:59,568 - INFO - Train Loss: 3.1987, Train Acc: 0.3627
2025-10-07 08:41:59,569 - INFO - Val   Loss: 2.6682, Val   Acc: 0.5764
2025-10-07 08:41:59,571 - INFO -   -> No improvement (2/7)
2025-10-07 08:41:59,571 - INFO - [Epoch 4/60]
2025-10-07 08:42:04,291 - INFO - Train Loss: 2.8928, Train Acc: 0.4431
2025-10-07 08:42:04,292 - INFO - Val   Loss: 2.3544, Val   Acc: 0.5836
2025-10-07 08:42:04,346 - INFO -   -> Best fine-tuned model saved.
2025-10-07 08:42:04,347 - INFO - [Epoch 5/60]
2025-10-07 08:42:09,094 - INFO - Train Loss: 2.2292, Train Acc: 0.5397
2025-10-07 08:42:09,095 - INFO - Val   Loss: 1.9154, Val   Acc: 0.5820
2025-10-07 08:42:09,097 - INFO -   -> No improvement (1/7)
2025-10-07 08:42:09,097 - INFO - [Epoch 6/60]
2025-10-07 08:42:13,837 - INFO - Train Loss: 1.6752, Train Acc: 0.5773
2025-10-07 08:42:13,838 - INFO - Val   Loss: 1.4837, Val   Acc: 0.6152
2025-10-07 08:42:13,873 - INFO -   -> Best fine-tuned model saved.
2025-10-07 08:42:13,873 - INFO - [Epoch 7/60]
2025-10-07 08:42:18,537 - INFO - Train Loss: 1.2097, Train Acc: 0.6320
2025-10-07 08:42:18,537 - INFO - Val   Loss: 1.3755, Val   Acc: 0.6036
2025-10-07 08:42:18,539 - INFO -   -> No improvement (1/7)
2025-10-07 08:42:18,540 - INFO - [Epoch 8/60]
2025-10-07 08:42:23,294 - INFO - Train Loss: 0.9870, Train Acc: 0.6373
2025-10-07 08:42:23,294 - INFO - Val   Loss: 1.3201, Val   Acc: 0.5980
2025-10-07 08:42:23,294 - INFO -   -> No improvement (2/7)
2025-10-07 08:42:23,295 - INFO - [Epoch 9/60]
2025-10-07 08:42:28,003 - INFO - Train Loss: 0.7529, Train Acc: 0.7511
2025-10-07 08:42:28,003 - INFO - Val   Loss: 1.1617, Val   Acc: 0.6404
2025-10-07 08:42:28,035 - INFO -   -> Best fine-tuned model saved.
2025-10-07 08:42:28,036 - INFO - [Epoch 10/60]
2025-10-07 08:42:32,733 - INFO - Train Loss: 0.5032, Train Acc: 0.8251
2025-10-07 08:42:32,733 - INFO - Val   Loss: 1.0259, Val   Acc: 0.6900
2025-10-07 08:42:32,782 - INFO -   -> Best fine-tuned model saved.
2025-10-07 08:42:32,783 - INFO - [Epoch 11/60]
2025-10-07 08:42:37,631 - INFO - Train Loss: 0.3596, Train Acc: 0.8841
2025-10-07 08:42:37,631 - INFO - Val   Loss: 0.9659, Val   Acc: 0.7304
2025-10-07 08:42:37,671 - INFO -   -> Best fine-tuned model saved.
2025-10-07 08:42:37,672 - INFO - [Epoch 12/60]
2025-10-07 08:42:42,447 - INFO - Train Loss: 0.3039, Train Acc: 0.9077
2025-10-07 08:42:42,448 - INFO - Val   Loss: 0.9359, Val   Acc: 0.7411
2025-10-07 08:42:42,503 - INFO -   -> Best fine-tuned model saved.
2025-10-07 08:42:42,504 - INFO - [Epoch 13/60]
2025-10-07 08:42:47,229 - INFO - Train Loss: 0.2847, Train Acc: 0.9163
2025-10-07 08:42:47,230 - INFO - Val   Loss: 0.9020, Val   Acc: 0.7534
2025-10-07 08:42:47,324 - INFO -   -> Best fine-tuned model saved.
2025-10-07 08:42:47,324 - INFO - [Epoch 14/60]
2025-10-07 08:42:52,070 - INFO - Train Loss: 0.2497, Train Acc: 0.9217
2025-10-07 08:42:52,071 - INFO - Val   Loss: 0.8537, Val   Acc: 0.7700
2025-10-07 08:42:52,107 - INFO -   -> Best fine-tuned model saved.
2025-10-07 08:42:52,107 - INFO - [Epoch 15/60]
2025-10-07 08:42:56,849 - INFO - Train Loss: 0.2269, Train Acc: 0.9260
2025-10-07 08:42:56,849 - INFO - Val   Loss: 0.7993, Val   Acc: 0.7866
2025-10-07 08:42:56,896 - INFO -   -> Best fine-tuned model saved.
2025-10-07 08:42:56,897 - INFO - [Epoch 16/60]
2025-10-07 08:43:01,606 - INFO - Train Loss: 0.2041, Train Acc: 0.9324
2025-10-07 08:43:01,607 - INFO - Val   Loss: 0.7505, Val   Acc: 0.7982
2025-10-07 08:43:01,664 - INFO -   -> Best fine-tuned model saved.
2025-10-07 08:43:01,665 - INFO - [Epoch 17/60]
2025-10-07 08:43:06,365 - INFO - Train Loss: 0.1824, Train Acc: 0.9335
2025-10-07 08:43:06,366 - INFO - Val   Loss: 0.7134, Val   Acc: 0.8056
2025-10-07 08:43:06,422 - INFO -   -> Best fine-tuned model saved.
2025-10-07 08:43:06,422 - INFO - [Epoch 18/60]
2025-10-07 08:43:11,122 - INFO - Train Loss: 0.1620, Train Acc: 0.9431
2025-10-07 08:43:11,123 - INFO - Val   Loss: 0.6887, Val   Acc: 0.8079
2025-10-07 08:43:11,181 - INFO -   -> Best fine-tuned model saved.
2025-10-07 08:43:11,182 - INFO - [Epoch 19/60]
2025-10-07 08:43:15,998 - INFO - Train Loss: 0.1557, Train Acc: 0.9378
2025-10-07 08:43:15,998 - INFO - Val   Loss: 0.6718, Val   Acc: 0.8106
2025-10-07 08:43:16,037 - INFO -   -> Best fine-tuned model saved.
2025-10-07 08:43:16,038 - INFO - [Epoch 20/60]
2025-10-07 08:43:20,800 - INFO - Train Loss: 0.1420, Train Acc: 0.9431
2025-10-07 08:43:20,800 - INFO - Val   Loss: 0.6575, Val   Acc: 0.8147
2025-10-07 08:43:20,838 - INFO -   -> Best fine-tuned model saved.
2025-10-07 08:43:20,839 - INFO - [Epoch 21/60]
2025-10-07 08:43:25,556 - INFO - Train Loss: 0.1291, Train Acc: 0.9410
2025-10-07 08:43:25,557 - INFO - Val   Loss: 0.6435, Val   Acc: 0.8194
2025-10-07 08:43:25,613 - INFO -   -> Best fine-tuned model saved.
2025-10-07 08:43:25,614 - INFO - [Epoch 22/60]
2025-10-07 08:43:30,365 - INFO - Train Loss: 0.1157, Train Acc: 0.9571
2025-10-07 08:43:30,366 - INFO - Val   Loss: 0.6374, Val   Acc: 0.8258
2025-10-07 08:43:30,409 - INFO -   -> Best fine-tuned model saved.
2025-10-07 08:43:30,410 - INFO - [Epoch 23/60]
2025-10-07 08:43:35,124 - INFO - Train Loss: 0.1067, Train Acc: 0.9614
2025-10-07 08:43:35,125 - INFO - Val   Loss: 0.6346, Val   Acc: 0.8284
2025-10-07 08:43:35,195 - INFO -   -> Best fine-tuned model saved.
2025-10-07 08:43:35,196 - INFO - [Epoch 24/60]
2025-10-07 08:43:39,902 - INFO - Train Loss: 0.1030, Train Acc: 0.9624
2025-10-07 08:43:39,902 - INFO - Val   Loss: 0.6312, Val   Acc: 0.8312
2025-10-07 08:43:39,959 - INFO -   -> Best fine-tuned model saved.
2025-10-07 08:43:39,960 - INFO - [Epoch 25/60]
2025-10-07 08:43:44,664 - INFO - Train Loss: 0.0956, Train Acc: 0.9657
2025-10-07 08:43:44,664 - INFO - Val   Loss: 0.6288, Val   Acc: 0.8341
2025-10-07 08:43:44,702 - INFO -   -> Best fine-tuned model saved.
2025-10-07 08:43:44,702 - INFO - [Epoch 26/60]
2025-10-07 08:43:49,454 - INFO - Train Loss: 0.0844, Train Acc: 0.9721
2025-10-07 08:43:49,454 - INFO - Val   Loss: 0.6336, Val   Acc: 0.8347
2025-10-07 08:43:49,540 - INFO -   -> Best fine-tuned model saved.
2025-10-07 08:43:49,541 - INFO - [Epoch 27/60]
2025-10-07 08:43:54,340 - INFO - Train Loss: 0.0794, Train Acc: 0.9732
2025-10-07 08:43:54,341 - INFO - Val   Loss: 0.6176, Val   Acc: 0.8385
2025-10-07 08:43:54,381 - INFO -   -> Best fine-tuned model saved.
2025-10-07 08:43:54,381 - INFO - [Epoch 28/60]
2025-10-07 08:43:59,093 - INFO - Train Loss: 0.0716, Train Acc: 0.9742
2025-10-07 08:43:59,094 - INFO - Val   Loss: 0.6172, Val   Acc: 0.8423
2025-10-07 08:43:59,148 - INFO -   -> Best fine-tuned model saved.
2025-10-07 08:43:59,148 - INFO - [Epoch 29/60]
2025-10-07 08:44:03,875 - INFO - Train Loss: 0.0680, Train Acc: 0.9764
2025-10-07 08:44:03,875 - INFO - Val   Loss: 0.5970, Val   Acc: 0.8494
2025-10-07 08:44:03,922 - INFO -   -> Best fine-tuned model saved.
2025-10-07 08:44:03,923 - INFO - [Epoch 30/60]
2025-10-07 08:44:08,624 - INFO - Train Loss: 0.0619, Train Acc: 0.9785
2025-10-07 08:44:08,625 - INFO - Val   Loss: 0.6026, Val   Acc: 0.8521
2025-10-07 08:44:08,666 - INFO -   -> Best fine-tuned model saved.
2025-10-07 08:44:08,667 - INFO - [Epoch 31/60]
2025-10-07 08:44:13,400 - INFO - Train Loss: 0.0601, Train Acc: 0.9796
2025-10-07 08:44:13,401 - INFO - Val   Loss: 0.5891, Val   Acc: 0.8571
2025-10-07 08:44:13,522 - INFO -   -> Best fine-tuned model saved.
2025-10-07 08:44:13,523 - INFO - [Epoch 32/60]
2025-10-07 08:44:18,720 - INFO - Train Loss: 0.0597, Train Acc: 0.9775
2025-10-07 08:44:18,720 - INFO - Val   Loss: 0.5882, Val   Acc: 0.8582
2025-10-07 08:44:18,774 - INFO -   -> Best fine-tuned model saved.
2025-10-07 08:44:18,775 - INFO - [Epoch 33/60]
2025-10-07 08:44:23,537 - INFO - Train Loss: 0.0555, Train Acc: 0.9785
2025-10-07 08:44:23,538 - INFO - Val   Loss: 0.5823, Val   Acc: 0.8586
2025-10-07 08:44:23,590 - INFO -   -> Best fine-tuned model saved.
2025-10-07 08:44:23,591 - INFO - [Epoch 34/60]
2025-10-07 08:44:28,361 - INFO - Train Loss: 0.0503, Train Acc: 0.9850
2025-10-07 08:44:28,361 - INFO - Val   Loss: 0.5637, Val   Acc: 0.8616
2025-10-07 08:44:28,409 - INFO -   -> Best fine-tuned model saved.
2025-10-07 08:44:28,410 - INFO - [Epoch 35/60]
2025-10-07 08:44:33,126 - INFO - Train Loss: 0.0480, Train Acc: 0.9818
2025-10-07 08:44:33,127 - INFO - Val   Loss: 0.5673, Val   Acc: 0.8614
2025-10-07 08:44:33,130 - INFO -   -> No improvement (1/7)
2025-10-07 08:44:33,130 - INFO - [Epoch 36/60]
2025-10-07 08:44:37,819 - INFO - Train Loss: 0.0405, Train Acc: 0.9871
2025-10-07 08:44:37,820 - INFO - Val   Loss: 0.5746, Val   Acc: 0.8611
2025-10-07 08:44:37,822 - INFO -   -> No improvement (2/7)
2025-10-07 08:44:37,822 - INFO - [Epoch 37/60]
2025-10-07 08:44:42,591 - INFO - Train Loss: 0.0401, Train Acc: 0.9850
2025-10-07 08:44:42,591 - INFO - Val   Loss: 0.5908, Val   Acc: 0.8595
2025-10-07 08:44:42,595 - INFO -   -> No improvement (3/7)
2025-10-07 08:44:42,595 - INFO - [Epoch 38/60]
2025-10-07 08:44:47,295 - INFO - Train Loss: 0.0400, Train Acc: 0.9850
2025-10-07 08:44:47,296 - INFO - Val   Loss: 0.5688, Val   Acc: 0.8632
2025-10-07 08:44:47,378 - INFO -   -> Best fine-tuned model saved.
2025-10-07 08:44:47,379 - INFO - [Epoch 39/60]
2025-10-07 08:44:52,121 - INFO - Train Loss: 0.0448, Train Acc: 0.9818
2025-10-07 08:44:52,122 - INFO - Val   Loss: 0.5572, Val   Acc: 0.8648
2025-10-07 08:44:52,167 - INFO -   -> Best fine-tuned model saved.
2025-10-07 08:44:52,168 - INFO - [Epoch 40/60]
2025-10-07 08:44:56,913 - INFO - Train Loss: 0.0370, Train Acc: 0.9850
2025-10-07 08:44:56,914 - INFO - Val   Loss: 0.5896, Val   Acc: 0.8611
2025-10-07 08:44:56,916 - INFO -   -> No improvement (1/7)
2025-10-07 08:44:56,916 - INFO - [Epoch 41/60]
2025-10-07 08:45:01,675 - INFO - Train Loss: 0.0347, Train Acc: 0.9871
2025-10-07 08:45:01,676 - INFO - Val   Loss: 0.5707, Val   Acc: 0.8676
2025-10-07 08:45:01,714 - INFO -   -> Best fine-tuned model saved.
2025-10-07 08:45:01,715 - INFO - [Epoch 42/60]
2025-10-07 08:45:06,512 - INFO - Train Loss: 0.0334, Train Acc: 0.9839
2025-10-07 08:45:06,513 - INFO - Val   Loss: 0.5733, Val   Acc: 0.8693
2025-10-07 08:45:06,809 - INFO -   -> Best fine-tuned model saved.
2025-10-07 08:45:06,810 - INFO - [Epoch 43/60]
2025-10-07 08:45:11,951 - INFO - Train Loss: 0.0323, Train Acc: 0.9828
2025-10-07 08:45:11,951 - INFO - Val   Loss: 0.5875, Val   Acc: 0.8664
2025-10-07 08:45:11,952 - INFO -   -> No improvement (1/7)
2025-10-07 08:45:11,956 - INFO - [Epoch 44/60]
2025-10-07 08:45:16,672 - INFO - Train Loss: 0.0307, Train Acc: 0.9893
2025-10-07 08:45:16,672 - INFO - Val   Loss: 0.6011, Val   Acc: 0.8625
2025-10-07 08:45:16,675 - INFO -   -> No improvement (2/7)
2025-10-07 08:45:16,675 - INFO - [Epoch 45/60]
2025-10-07 08:45:21,374 - INFO - Train Loss: 0.0338, Train Acc: 0.9839
2025-10-07 08:45:21,374 - INFO - Val   Loss: 0.6227, Val   Acc: 0.8602
2025-10-07 08:45:21,376 - INFO -   -> No improvement (3/7)
2025-10-07 08:45:21,377 - INFO - [Epoch 46/60]
2025-10-07 08:45:26,014 - INFO - Train Loss: 0.0299, Train Acc: 0.9871
2025-10-07 08:45:26,014 - INFO - Val   Loss: 0.6132, Val   Acc: 0.8662
2025-10-07 08:45:26,017 - INFO -   -> No improvement (4/7)
2025-10-07 08:45:26,017 - INFO - [Epoch 47/60]
2025-10-07 08:45:30,717 - INFO - Train Loss: 0.0282, Train Acc: 0.9903
2025-10-07 08:45:30,718 - INFO - Val   Loss: 0.6133, Val   Acc: 0.8673
2025-10-07 08:45:30,721 - INFO -   -> No improvement (5/7)
2025-10-07 08:45:30,721 - INFO - [Epoch 48/60]
2025-10-07 08:45:35,431 - INFO - Train Loss: 0.0269, Train Acc: 0.9871
2025-10-07 08:45:35,431 - INFO - Val   Loss: 0.6206, Val   Acc: 0.8622
2025-10-07 08:45:35,433 - INFO -   -> No improvement (6/7)
2025-10-07 08:45:35,433 - INFO - [Epoch 49/60]
2025-10-07 08:45:40,121 - INFO - Train Loss: 0.0274, Train Acc: 0.9893
2025-10-07 08:45:40,121 - INFO - Val   Loss: 0.6085, Val   Acc: 0.8640
2025-10-07 08:45:40,121 - INFO -   -> No improvement (7/7)
2025-10-07 08:45:40,121 - INFO - Early stopping triggered.
2025-10-07 08:45:40,123 - INFO - 
Loading best fine-tuned model from /data/A-SpeedTransformer/models/transformer/experiments/finetune_lowshot/train100_lr2e-4_warmup0_freeze_attention/best_model.pth for final evaluation...
2025-10-07 08:45:48,403 - INFO - Test Loss: 0.6211, Test Accuracy: 0.8580
2025-10-07 08:45:48,443 - INFO - Classification Report:
              precision    recall  f1-score   support

        bike       0.94      0.78      0.85      5999
         bus       0.93      0.87      0.90      8337
         car       0.68      0.75      0.71      5237
       train       0.79      0.80      0.80      6872
        walk       0.91      0.99      0.95      9304

    accuracy                           0.86     35749
   macro avg       0.85      0.84      0.84     35749
weighted avg       0.86      0.86      0.86     35749

2025-10-07 08:45:48,881 - INFO - Saved confusion_matrix_finetune.png
2025-10-07 08:48:32,838 - INFO - Initializing DataProcessor for fine-tuning...
2025-10-07 08:48:56,604 - INFO - Loading pretrained model from: /data/A-SpeedTransformer/models/transformer/experiments/mobis_transformer_sweeps/mobis_lr1e-4_bs512_h8_d128_kv4_do0.1/best_model.pth
2025-10-07 08:48:56,626 - INFO - Frozen: Attention mechanisms in all unfrozen layers
2025-10-07 08:48:56,627 - INFO - [Epoch 1/60]
2025-10-07 08:49:02,006 - INFO - Train Loss: 3.1988, Train Acc: 0.4071
2025-10-07 08:49:02,006 - INFO - Val   Loss: 2.4862, Val   Acc: 0.5708
2025-10-07 08:49:02,045 - INFO -   -> Best fine-tuned model saved.
2025-10-07 08:49:02,046 - INFO - [Epoch 2/60]
2025-10-07 08:49:07,076 - INFO - Train Loss: 3.1848, Train Acc: 0.4057
2025-10-07 08:49:07,077 - INFO - Val   Loss: 2.4862, Val   Acc: 0.5708
2025-10-07 08:49:07,079 - INFO -   -> No improvement (1/7)
2025-10-07 08:49:07,080 - INFO - [Epoch 3/60]
2025-10-07 08:49:12,206 - INFO - Train Loss: 2.6424, Train Acc: 0.4799
2025-10-07 08:49:12,206 - INFO - Val   Loss: 1.8432, Val   Acc: 0.6059
2025-10-07 08:49:12,249 - INFO -   -> Best fine-tuned model saved.
2025-10-07 08:49:12,249 - INFO - [Epoch 4/60]
2025-10-07 08:49:17,321 - INFO - Train Loss: 1.5354, Train Acc: 0.6083
2025-10-07 08:49:17,321 - INFO - Val   Loss: 1.4491, Val   Acc: 0.6165
2025-10-07 08:49:17,428 - INFO -   -> Best fine-tuned model saved.
2025-10-07 08:49:17,429 - INFO - [Epoch 5/60]
2025-10-07 08:49:22,472 - INFO - Train Loss: 1.0700, Train Acc: 0.6477
2025-10-07 08:49:22,472 - INFO - Val   Loss: 1.3388, Val   Acc: 0.6102
2025-10-07 08:49:22,475 - INFO -   -> No improvement (1/7)
2025-10-07 08:49:22,475 - INFO - [Epoch 6/60]
2025-10-07 08:49:27,498 - INFO - Train Loss: 0.7874, Train Acc: 0.7487
2025-10-07 08:49:27,499 - INFO - Val   Loss: 1.0677, Val   Acc: 0.6975
2025-10-07 08:49:27,549 - INFO -   -> Best fine-tuned model saved.
2025-10-07 08:49:27,549 - INFO - [Epoch 7/60]
2025-10-07 08:49:32,512 - INFO - Train Loss: 0.4954, Train Acc: 0.8583
2025-10-07 08:49:32,512 - INFO - Val   Loss: 0.9058, Val   Acc: 0.7553
2025-10-07 08:49:32,568 - INFO -   -> Best fine-tuned model saved.
2025-10-07 08:49:32,568 - INFO - [Epoch 8/60]
2025-10-07 08:49:37,634 - INFO - Train Loss: 0.3854, Train Acc: 0.8650
2025-10-07 08:49:37,634 - INFO - Val   Loss: 0.8150, Val   Acc: 0.7728
2025-10-07 08:49:37,709 - INFO -   -> Best fine-tuned model saved.
2025-10-07 08:49:37,710 - INFO - [Epoch 9/60]
2025-10-07 08:49:42,770 - INFO - Train Loss: 0.3204, Train Acc: 0.8904
2025-10-07 08:49:42,770 - INFO - Val   Loss: 0.7196, Val   Acc: 0.7952
2025-10-07 08:49:42,810 - INFO -   -> Best fine-tuned model saved.
2025-10-07 08:49:42,810 - INFO - [Epoch 10/60]
2025-10-07 08:49:47,755 - INFO - Train Loss: 0.2630, Train Acc: 0.9017
2025-10-07 08:49:47,756 - INFO - Val   Loss: 0.6537, Val   Acc: 0.8103
2025-10-07 08:49:47,818 - INFO -   -> Best fine-tuned model saved.
2025-10-07 08:49:47,819 - INFO - [Epoch 11/60]
2025-10-07 08:49:52,833 - INFO - Train Loss: 0.2274, Train Acc: 0.9131
2025-10-07 08:49:52,833 - INFO - Val   Loss: 0.6430, Val   Acc: 0.8106
2025-10-07 08:49:52,871 - INFO -   -> Best fine-tuned model saved.
2025-10-07 08:49:52,871 - INFO - [Epoch 12/60]
2025-10-07 08:49:57,875 - INFO - Train Loss: 0.2042, Train Acc: 0.9158
2025-10-07 08:49:57,876 - INFO - Val   Loss: 0.5923, Val   Acc: 0.8201
2025-10-07 08:49:57,929 - INFO -   -> Best fine-tuned model saved.
2025-10-07 08:49:57,930 - INFO - [Epoch 13/60]
2025-10-07 08:50:02,962 - INFO - Train Loss: 0.1787, Train Acc: 0.9291
2025-10-07 08:50:02,962 - INFO - Val   Loss: 0.5594, Val   Acc: 0.8273
2025-10-07 08:50:03,047 - INFO -   -> Best fine-tuned model saved.
2025-10-07 08:50:03,048 - INFO - [Epoch 14/60]
2025-10-07 08:50:08,092 - INFO - Train Loss: 0.1640, Train Acc: 0.9352
2025-10-07 08:50:08,093 - INFO - Val   Loss: 0.5247, Val   Acc: 0.8391
2025-10-07 08:50:08,157 - INFO -   -> Best fine-tuned model saved.
2025-10-07 08:50:08,157 - INFO - [Epoch 15/60]
2025-10-07 08:50:13,129 - INFO - Train Loss: 0.1523, Train Acc: 0.9398
2025-10-07 08:50:13,130 - INFO - Val   Loss: 0.5197, Val   Acc: 0.8461
2025-10-07 08:50:13,174 - INFO -   -> Best fine-tuned model saved.
2025-10-07 08:50:13,175 - INFO - [Epoch 16/60]
2025-10-07 08:50:18,198 - INFO - Train Loss: 0.1429, Train Acc: 0.9465
2025-10-07 08:50:18,198 - INFO - Val   Loss: 0.4962, Val   Acc: 0.8553
2025-10-07 08:50:18,278 - INFO -   -> Best fine-tuned model saved.
2025-10-07 08:50:18,279 - INFO - [Epoch 17/60]
2025-10-07 08:50:23,315 - INFO - Train Loss: 0.1304, Train Acc: 0.9492
2025-10-07 08:50:23,316 - INFO - Val   Loss: 0.4992, Val   Acc: 0.8576
2025-10-07 08:50:23,368 - INFO -   -> Best fine-tuned model saved.
2025-10-07 08:50:23,368 - INFO - [Epoch 18/60]
2025-10-07 08:50:28,356 - INFO - Train Loss: 0.1228, Train Acc: 0.9499
2025-10-07 08:50:28,357 - INFO - Val   Loss: 0.4659, Val   Acc: 0.8660
2025-10-07 08:50:28,412 - INFO -   -> Best fine-tuned model saved.
2025-10-07 08:50:28,413 - INFO - [Epoch 19/60]
2025-10-07 08:50:33,426 - INFO - Train Loss: 0.1126, Train Acc: 0.9586
2025-10-07 08:50:33,426 - INFO - Val   Loss: 0.4532, Val   Acc: 0.8712
2025-10-07 08:50:33,462 - INFO -   -> Best fine-tuned model saved.
2025-10-07 08:50:33,463 - INFO - [Epoch 20/60]
2025-10-07 08:50:38,488 - INFO - Train Loss: 0.1105, Train Acc: 0.9586
2025-10-07 08:50:38,488 - INFO - Val   Loss: 0.4846, Val   Acc: 0.8645
2025-10-07 08:50:38,490 - INFO -   -> No improvement (1/7)
2025-10-07 08:50:38,491 - INFO - [Epoch 21/60]
2025-10-07 08:50:43,598 - INFO - Train Loss: 0.1013, Train Acc: 0.9599
2025-10-07 08:50:43,598 - INFO - Val   Loss: 0.4553, Val   Acc: 0.8744
2025-10-07 08:50:43,632 - INFO -   -> Best fine-tuned model saved.
2025-10-07 08:50:43,632 - INFO - [Epoch 22/60]
2025-10-07 08:50:48,705 - INFO - Train Loss: 0.0935, Train Acc: 0.9619
2025-10-07 08:50:48,706 - INFO - Val   Loss: 0.4690, Val   Acc: 0.8708
2025-10-07 08:50:48,708 - INFO -   -> No improvement (1/7)
2025-10-07 08:50:48,709 - INFO - [Epoch 23/60]
2025-10-07 08:50:53,746 - INFO - Train Loss: 0.0909, Train Acc: 0.9619
2025-10-07 08:50:53,747 - INFO - Val   Loss: 0.4543, Val   Acc: 0.8779
2025-10-07 08:50:53,798 - INFO -   -> Best fine-tuned model saved.
2025-10-07 08:50:53,799 - INFO - [Epoch 24/60]
2025-10-07 08:50:58,843 - INFO - Train Loss: 0.0844, Train Acc: 0.9672
2025-10-07 08:50:58,843 - INFO - Val   Loss: 0.4621, Val   Acc: 0.8770
2025-10-07 08:50:58,843 - INFO -   -> No improvement (1/7)
2025-10-07 08:50:58,843 - INFO - [Epoch 25/60]
2025-10-07 08:51:03,828 - INFO - Train Loss: 0.0829, Train Acc: 0.9659
2025-10-07 08:51:03,828 - INFO - Val   Loss: 0.4706, Val   Acc: 0.8750
2025-10-07 08:51:03,851 - INFO -   -> No improvement (2/7)
2025-10-07 08:51:03,852 - INFO - [Epoch 26/60]
2025-10-07 08:51:08,898 - INFO - Train Loss: 0.0811, Train Acc: 0.9699
2025-10-07 08:51:08,898 - INFO - Val   Loss: 0.4499, Val   Acc: 0.8770
2025-10-07 08:51:08,900 - INFO -   -> No improvement (3/7)
2025-10-07 08:51:08,900 - INFO - [Epoch 27/60]
2025-10-07 08:51:13,872 - INFO - Train Loss: 0.0782, Train Acc: 0.9679
2025-10-07 08:51:13,872 - INFO - Val   Loss: 0.4962, Val   Acc: 0.8675
2025-10-07 08:51:13,874 - INFO -   -> No improvement (4/7)
2025-10-07 08:51:13,875 - INFO - [Epoch 28/60]
2025-10-07 08:51:18,853 - INFO - Train Loss: 0.0756, Train Acc: 0.9713
2025-10-07 08:51:18,853 - INFO - Val   Loss: 0.4589, Val   Acc: 0.8770
2025-10-07 08:51:18,853 - INFO -   -> No improvement (5/7)
2025-10-07 08:51:18,853 - INFO - [Epoch 29/60]
2025-10-07 08:51:23,864 - INFO - Train Loss: 0.0677, Train Acc: 0.9739
2025-10-07 08:51:23,865 - INFO - Val   Loss: 0.4669, Val   Acc: 0.8797
2025-10-07 08:51:23,903 - INFO -   -> Best fine-tuned model saved.
2025-10-07 08:51:23,904 - INFO - [Epoch 30/60]
2025-10-07 08:51:28,910 - INFO - Train Loss: 0.0677, Train Acc: 0.9706
2025-10-07 08:51:28,911 - INFO - Val   Loss: 0.4927, Val   Acc: 0.8764
2025-10-07 08:51:28,911 - INFO -   -> No improvement (1/7)
2025-10-07 08:51:28,911 - INFO - [Epoch 31/60]
2025-10-07 08:51:33,899 - INFO - Train Loss: 0.0631, Train Acc: 0.9759
2025-10-07 08:51:33,899 - INFO - Val   Loss: 0.4759, Val   Acc: 0.8783
2025-10-07 08:51:33,899 - INFO -   -> No improvement (2/7)
2025-10-07 08:51:33,899 - INFO - [Epoch 32/60]
2025-10-07 08:51:38,926 - INFO - Train Loss: 0.0591, Train Acc: 0.9759
2025-10-07 08:51:38,926 - INFO - Val   Loss: 0.4602, Val   Acc: 0.8790
2025-10-07 08:51:38,926 - INFO -   -> No improvement (3/7)
2025-10-07 08:51:38,926 - INFO - [Epoch 33/60]
2025-10-07 08:51:43,934 - INFO - Train Loss: 0.0608, Train Acc: 0.9726
2025-10-07 08:51:43,935 - INFO - Val   Loss: 0.4604, Val   Acc: 0.8763
2025-10-07 08:51:43,936 - INFO -   -> No improvement (4/7)
2025-10-07 08:51:43,937 - INFO - [Epoch 34/60]
2025-10-07 08:51:48,923 - INFO - Train Loss: 0.0582, Train Acc: 0.9733
2025-10-07 08:51:48,924 - INFO - Val   Loss: 0.4702, Val   Acc: 0.8782
2025-10-07 08:51:48,926 - INFO -   -> No improvement (5/7)
2025-10-07 08:51:48,926 - INFO - [Epoch 35/60]
2025-10-07 08:51:53,909 - INFO - Train Loss: 0.0558, Train Acc: 0.9773
2025-10-07 08:51:53,909 - INFO - Val   Loss: 0.4766, Val   Acc: 0.8792
2025-10-07 08:51:53,910 - INFO -   -> No improvement (6/7)
2025-10-07 08:51:53,910 - INFO - [Epoch 36/60]
2025-10-07 08:51:58,926 - INFO - Train Loss: 0.0526, Train Acc: 0.9786
2025-10-07 08:51:58,927 - INFO - Val   Loss: 0.4852, Val   Acc: 0.8808
2025-10-07 08:51:58,981 - INFO -   -> Best fine-tuned model saved.
2025-10-07 08:51:58,982 - INFO - [Epoch 37/60]
2025-10-07 08:52:04,014 - INFO - Train Loss: 0.0511, Train Acc: 0.9806
2025-10-07 08:52:04,014 - INFO - Val   Loss: 0.4811, Val   Acc: 0.8804
2025-10-07 08:52:04,017 - INFO -   -> No improvement (1/7)
2025-10-07 08:52:04,017 - INFO - [Epoch 38/60]
2025-10-07 08:52:09,057 - INFO - Train Loss: 0.0478, Train Acc: 0.9806
2025-10-07 08:52:09,058 - INFO - Val   Loss: 0.4725, Val   Acc: 0.8793
2025-10-07 08:52:09,060 - INFO -   -> No improvement (2/7)
2025-10-07 08:52:09,061 - INFO - [Epoch 39/60]
2025-10-07 08:52:14,085 - INFO - Train Loss: 0.0485, Train Acc: 0.9820
2025-10-07 08:52:14,086 - INFO - Val   Loss: 0.4740, Val   Acc: 0.8779
2025-10-07 08:52:14,088 - INFO -   -> No improvement (3/7)
2025-10-07 08:52:14,088 - INFO - [Epoch 40/60]
2025-10-07 08:52:19,069 - INFO - Train Loss: 0.0480, Train Acc: 0.9806
2025-10-07 08:52:19,070 - INFO - Val   Loss: 0.4837, Val   Acc: 0.8793
2025-10-07 08:52:19,072 - INFO -   -> No improvement (4/7)
2025-10-07 08:52:19,073 - INFO - [Epoch 41/60]
2025-10-07 08:52:24,213 - INFO - Train Loss: 0.0438, Train Acc: 0.9813
2025-10-07 08:52:24,213 - INFO - Val   Loss: 0.4941, Val   Acc: 0.8778
2025-10-07 08:52:24,217 - INFO -   -> No improvement (5/7)
2025-10-07 08:52:24,217 - INFO - [Epoch 42/60]
2025-10-07 08:52:29,295 - INFO - Train Loss: 0.0434, Train Acc: 0.9840
2025-10-07 08:52:29,295 - INFO - Val   Loss: 0.5035, Val   Acc: 0.8778
2025-10-07 08:52:29,295 - INFO -   -> No improvement (6/7)
2025-10-07 08:52:29,298 - INFO - [Epoch 43/60]
2025-10-07 08:52:34,319 - INFO - Train Loss: 0.0409, Train Acc: 0.9860
2025-10-07 08:52:34,319 - INFO - Val   Loss: 0.4993, Val   Acc: 0.8750
2025-10-07 08:52:34,321 - INFO -   -> No improvement (7/7)
2025-10-07 08:52:34,321 - INFO - Early stopping triggered.
2025-10-07 08:52:34,321 - INFO - 
Loading best fine-tuned model from /data/A-SpeedTransformer/models/transformer/experiments/finetune_lowshot/train200_lr2e-4_warmup0_freeze_attention/best_model.pth for final evaluation...
2025-10-07 08:52:42,366 - INFO - Test Loss: 0.5046, Test Accuracy: 0.8722
2025-10-07 08:52:42,421 - INFO - Classification Report:
              precision    recall  f1-score   support

        bike       0.95      0.82      0.88      6036
         bus       0.96      0.88      0.92      8482
         car       0.71      0.83      0.76      5166
       train       0.83      0.77      0.80      5922
        walk       0.89      0.99      0.94      8924

    accuracy                           0.87     34530
   macro avg       0.87      0.86      0.86     34530
weighted avg       0.88      0.87      0.87     34530

2025-10-07 08:52:42,987 - INFO - Saved confusion_matrix_finetune.png
2025-10-07 09:16:18,013 - INFO - Initializing DataProcessor for fine-tuning...
2025-10-07 09:16:40,823 - INFO - Loading pretrained model from: /data/A-SpeedTransformer/models/transformer/experiments/mobis_transformer_sweeps/mobis_lr1e-4_bs512_h8_d128_kv4_do0.1/best_model.pth
2025-10-07 09:16:40,842 - INFO - Frozen: Attention mechanisms in all unfrozen layers
2025-10-07 09:16:40,844 - INFO - [Epoch 1/20]
2025-10-07 09:16:45,799 - INFO - Train Loss: 3.1873, Train Acc: 0.3530
2025-10-07 09:16:45,800 - INFO - Val   Loss: 2.6682, Val   Acc: 0.5764
2025-10-07 09:16:45,903 - INFO -   -> Best fine-tuned model saved.
2025-10-07 09:16:45,903 - INFO - [Epoch 2/20]
2025-10-07 09:16:50,505 - INFO - Train Loss: 3.2032, Train Acc: 0.3562
2025-10-07 09:16:50,506 - INFO - Val   Loss: 2.6682, Val   Acc: 0.5764
2025-10-07 09:16:50,508 - INFO -   -> No improvement (1/7)
2025-10-07 09:16:50,508 - INFO - [Epoch 3/20]
2025-10-07 09:16:55,160 - INFO - Train Loss: 3.1987, Train Acc: 0.3627
2025-10-07 09:16:55,160 - INFO - Val   Loss: 2.6682, Val   Acc: 0.5764
2025-10-07 09:16:55,162 - INFO -   -> No improvement (2/7)
2025-10-07 09:16:55,162 - INFO - [Epoch 4/20]
2025-10-07 09:16:59,887 - INFO - Train Loss: 2.8928, Train Acc: 0.4431
2025-10-07 09:16:59,888 - INFO - Val   Loss: 2.3544, Val   Acc: 0.5836
2025-10-07 09:16:59,921 - INFO -   -> Best fine-tuned model saved.
2025-10-07 09:16:59,922 - INFO - [Epoch 5/20]
2025-10-07 09:17:04,597 - INFO - Train Loss: 2.2292, Train Acc: 0.5397
2025-10-07 09:17:04,597 - INFO - Val   Loss: 1.9154, Val   Acc: 0.5820
2025-10-07 09:17:04,599 - INFO -   -> No improvement (1/7)
2025-10-07 09:17:04,600 - INFO - [Epoch 6/20]
2025-10-07 09:17:09,265 - INFO - Train Loss: 1.6752, Train Acc: 0.5773
2025-10-07 09:17:09,266 - INFO - Val   Loss: 1.4837, Val   Acc: 0.6152
2025-10-07 09:17:09,302 - INFO -   -> Best fine-tuned model saved.
2025-10-07 09:17:09,303 - INFO - [Epoch 7/20]
2025-10-07 09:17:14,023 - INFO - Train Loss: 1.2097, Train Acc: 0.6320
2025-10-07 09:17:14,024 - INFO - Val   Loss: 1.3755, Val   Acc: 0.6036
2025-10-07 09:17:14,025 - INFO -   -> No improvement (1/7)
2025-10-07 09:17:14,025 - INFO - [Epoch 8/20]
2025-10-07 09:17:18,725 - INFO - Train Loss: 0.9870, Train Acc: 0.6373
2025-10-07 09:17:18,726 - INFO - Val   Loss: 1.3201, Val   Acc: 0.5980
2025-10-07 09:17:18,728 - INFO -   -> No improvement (2/7)
2025-10-07 09:17:18,728 - INFO - [Epoch 9/20]
2025-10-07 09:17:23,411 - INFO - Train Loss: 0.7529, Train Acc: 0.7511
2025-10-07 09:17:23,412 - INFO - Val   Loss: 1.1617, Val   Acc: 0.6404
2025-10-07 09:17:23,484 - INFO -   -> Best fine-tuned model saved.
2025-10-07 09:17:23,485 - INFO - [Epoch 10/20]
2025-10-07 09:17:28,164 - INFO - Train Loss: 0.5032, Train Acc: 0.8251
2025-10-07 09:17:28,165 - INFO - Val   Loss: 1.0259, Val   Acc: 0.6900
2025-10-07 09:17:28,198 - INFO -   -> Best fine-tuned model saved.
2025-10-07 09:17:28,199 - INFO - [Epoch 11/20]
2025-10-07 09:17:32,895 - INFO - Train Loss: 0.3596, Train Acc: 0.8841
2025-10-07 09:17:32,896 - INFO - Val   Loss: 0.9659, Val   Acc: 0.7304
2025-10-07 09:17:32,941 - INFO -   -> Best fine-tuned model saved.
2025-10-07 09:17:32,942 - INFO - [Epoch 12/20]
2025-10-07 09:17:37,576 - INFO - Train Loss: 0.3039, Train Acc: 0.9077
2025-10-07 09:17:37,577 - INFO - Val   Loss: 0.9359, Val   Acc: 0.7411
2025-10-07 09:17:37,616 - INFO -   -> Best fine-tuned model saved.
2025-10-07 09:17:37,616 - INFO - [Epoch 13/20]
2025-10-07 09:17:42,374 - INFO - Train Loss: 0.2847, Train Acc: 0.9163
2025-10-07 09:17:42,374 - INFO - Val   Loss: 0.9020, Val   Acc: 0.7534
2025-10-07 09:17:42,408 - INFO -   -> Best fine-tuned model saved.
2025-10-07 09:17:42,423 - INFO - [Epoch 14/20]
2025-10-07 09:17:47,099 - INFO - Train Loss: 0.2497, Train Acc: 0.9217
2025-10-07 09:17:47,100 - INFO - Val   Loss: 0.8537, Val   Acc: 0.7700
2025-10-07 09:17:47,155 - INFO -   -> Best fine-tuned model saved.
2025-10-07 09:17:47,155 - INFO - [Epoch 15/20]
2025-10-07 09:17:51,831 - INFO - Train Loss: 0.2269, Train Acc: 0.9260
2025-10-07 09:17:51,832 - INFO - Val   Loss: 0.7993, Val   Acc: 0.7866
2025-10-07 09:17:51,917 - INFO -   -> Best fine-tuned model saved.
2025-10-07 09:17:51,918 - INFO - [Epoch 16/20]
2025-10-07 09:17:56,631 - INFO - Train Loss: 0.2041, Train Acc: 0.9324
2025-10-07 09:17:56,631 - INFO - Val   Loss: 0.7505, Val   Acc: 0.7982
2025-10-07 09:17:56,709 - INFO -   -> Best fine-tuned model saved.
2025-10-07 09:17:56,710 - INFO - [Epoch 17/20]
2025-10-07 09:18:01,439 - INFO - Train Loss: 0.1824, Train Acc: 0.9335
2025-10-07 09:18:01,439 - INFO - Val   Loss: 0.7134, Val   Acc: 0.8056
2025-10-07 09:18:01,505 - INFO -   -> Best fine-tuned model saved.
2025-10-07 09:18:01,506 - INFO - [Epoch 18/20]
2025-10-07 09:18:06,188 - INFO - Train Loss: 0.1620, Train Acc: 0.9431
2025-10-07 09:18:06,188 - INFO - Val   Loss: 0.6887, Val   Acc: 0.8079
2025-10-07 09:18:06,243 - INFO -   -> Best fine-tuned model saved.
2025-10-07 09:18:06,244 - INFO - [Epoch 19/20]
2025-10-07 09:18:10,957 - INFO - Train Loss: 0.1557, Train Acc: 0.9378
2025-10-07 09:18:10,957 - INFO - Val   Loss: 0.6718, Val   Acc: 0.8106
2025-10-07 09:18:10,991 - INFO -   -> Best fine-tuned model saved.
2025-10-07 09:18:10,992 - INFO - [Epoch 20/20]
2025-10-07 09:18:15,676 - INFO - Train Loss: 0.1420, Train Acc: 0.9431
2025-10-07 09:18:15,676 - INFO - Val   Loss: 0.6575, Val   Acc: 0.8147
2025-10-07 09:18:15,729 - INFO -   -> Best fine-tuned model saved.
2025-10-07 09:18:15,729 - INFO - 
Loading best fine-tuned model from /data/A-SpeedTransformer/models/transformer/experiments/finetune_lowshot/train100_lr2e-4_warmup0_freeze_attention/best_model.pth for final evaluation...
2025-10-07 09:18:23,981 - INFO - Test Loss: 0.6623, Test Accuracy: 0.8053
2025-10-07 09:18:24,020 - INFO - Classification Report:
              precision    recall  f1-score   support

        bike       0.93      0.64      0.76      5999
         bus       0.87      0.85      0.86      8337
         car       0.57      0.76      0.65      5237
       train       0.80      0.67      0.73      6872
        walk       0.86      1.00      0.92      9304

    accuracy                           0.81     35749
   macro avg       0.81      0.78      0.79     35749
weighted avg       0.82      0.81      0.80     35749

2025-10-07 09:18:24,391 - INFO - Saved confusion_matrix_finetune.png
2025-10-07 09:20:13,139 - INFO - Initializing DataProcessor for fine-tuning...
2025-10-07 09:20:35,876 - INFO - Loading pretrained model from: /data/A-SpeedTransformer/models/transformer/experiments/mobis_transformer_sweeps/mobis_lr1e-4_bs512_h8_d128_kv4_do0.1/best_model.pth
2025-10-07 09:20:35,896 - INFO - Frozen: Attention mechanisms in all unfrozen layers
2025-10-07 09:20:35,897 - INFO - [Epoch 1/20]
2025-10-07 09:20:41,114 - INFO - Train Loss: 3.1988, Train Acc: 0.4071
2025-10-07 09:20:41,114 - INFO - Val   Loss: 2.4862, Val   Acc: 0.5708
2025-10-07 09:20:41,208 - INFO -   -> Best fine-tuned model saved.
2025-10-07 09:20:41,208 - INFO - [Epoch 2/20]
2025-10-07 09:20:46,169 - INFO - Train Loss: 3.1848, Train Acc: 0.4057
2025-10-07 09:20:46,170 - INFO - Val   Loss: 2.4862, Val   Acc: 0.5708
2025-10-07 09:20:46,171 - INFO -   -> No improvement (1/7)
2025-10-07 09:20:46,172 - INFO - [Epoch 3/20]
2025-10-07 09:20:51,200 - INFO - Train Loss: 2.6424, Train Acc: 0.4799
2025-10-07 09:20:51,201 - INFO - Val   Loss: 1.8432, Val   Acc: 0.6059
2025-10-07 09:20:51,231 - INFO -   -> Best fine-tuned model saved.
2025-10-07 09:20:51,232 - INFO - [Epoch 4/20]
2025-10-07 09:20:56,148 - INFO - Train Loss: 1.5354, Train Acc: 0.6083
2025-10-07 09:20:56,148 - INFO - Val   Loss: 1.4491, Val   Acc: 0.6165
2025-10-07 09:20:56,180 - INFO -   -> Best fine-tuned model saved.
2025-10-07 09:20:56,181 - INFO - [Epoch 5/20]
2025-10-07 09:21:01,136 - INFO - Train Loss: 1.0700, Train Acc: 0.6477
2025-10-07 09:21:01,136 - INFO - Val   Loss: 1.3388, Val   Acc: 0.6102
2025-10-07 09:21:01,136 - INFO -   -> No improvement (1/7)
2025-10-07 09:21:01,136 - INFO - [Epoch 6/20]
2025-10-07 09:21:06,080 - INFO - Train Loss: 0.7874, Train Acc: 0.7487
2025-10-07 09:21:06,081 - INFO - Val   Loss: 1.0677, Val   Acc: 0.6975
2025-10-07 09:21:06,128 - INFO -   -> Best fine-tuned model saved.
2025-10-07 09:21:06,129 - INFO - [Epoch 7/20]
2025-10-07 09:21:11,073 - INFO - Train Loss: 0.4954, Train Acc: 0.8583
2025-10-07 09:21:11,073 - INFO - Val   Loss: 0.9058, Val   Acc: 0.7553
2025-10-07 09:21:11,111 - INFO -   -> Best fine-tuned model saved.
2025-10-07 09:21:11,112 - INFO - [Epoch 8/20]
2025-10-07 09:21:16,068 - INFO - Train Loss: 0.3854, Train Acc: 0.8650
2025-10-07 09:21:16,069 - INFO - Val   Loss: 0.8150, Val   Acc: 0.7728
2025-10-07 09:21:16,104 - INFO -   -> Best fine-tuned model saved.
2025-10-07 09:21:16,104 - INFO - [Epoch 9/20]
2025-10-07 09:21:21,067 - INFO - Train Loss: 0.3204, Train Acc: 0.8904
2025-10-07 09:21:21,068 - INFO - Val   Loss: 0.7196, Val   Acc: 0.7952
2025-10-07 09:21:21,127 - INFO -   -> Best fine-tuned model saved.
2025-10-07 09:21:21,128 - INFO - [Epoch 10/20]
2025-10-07 09:21:26,158 - INFO - Train Loss: 0.2630, Train Acc: 0.9017
2025-10-07 09:21:26,159 - INFO - Val   Loss: 0.6537, Val   Acc: 0.8103
2025-10-07 09:21:26,230 - INFO -   -> Best fine-tuned model saved.
2025-10-07 09:21:26,231 - INFO - [Epoch 11/20]
2025-10-07 09:21:31,245 - INFO - Train Loss: 0.2274, Train Acc: 0.9131
2025-10-07 09:21:31,245 - INFO - Val   Loss: 0.6430, Val   Acc: 0.8106
2025-10-07 09:21:31,297 - INFO -   -> Best fine-tuned model saved.
2025-10-07 09:21:31,298 - INFO - [Epoch 12/20]
2025-10-07 09:21:36,335 - INFO - Train Loss: 0.2042, Train Acc: 0.9158
2025-10-07 09:21:36,336 - INFO - Val   Loss: 0.5923, Val   Acc: 0.8201
2025-10-07 09:21:36,382 - INFO -   -> Best fine-tuned model saved.
2025-10-07 09:21:36,383 - INFO - [Epoch 13/20]
2025-10-07 09:21:41,380 - INFO - Train Loss: 0.1787, Train Acc: 0.9291
2025-10-07 09:21:41,381 - INFO - Val   Loss: 0.5594, Val   Acc: 0.8273
2025-10-07 09:21:41,423 - INFO -   -> Best fine-tuned model saved.
2025-10-07 09:21:41,423 - INFO - [Epoch 14/20]
2025-10-07 09:21:46,450 - INFO - Train Loss: 0.1640, Train Acc: 0.9352
2025-10-07 09:21:46,450 - INFO - Val   Loss: 0.5247, Val   Acc: 0.8391
2025-10-07 09:21:46,489 - INFO -   -> Best fine-tuned model saved.
2025-10-07 09:21:46,490 - INFO - [Epoch 15/20]
2025-10-07 09:21:51,494 - INFO - Train Loss: 0.1523, Train Acc: 0.9398
2025-10-07 09:21:51,494 - INFO - Val   Loss: 0.5197, Val   Acc: 0.8461
2025-10-07 09:21:51,528 - INFO -   -> Best fine-tuned model saved.
2025-10-07 09:21:51,528 - INFO - [Epoch 16/20]
2025-10-07 09:21:56,523 - INFO - Train Loss: 0.1429, Train Acc: 0.9465
2025-10-07 09:21:56,524 - INFO - Val   Loss: 0.4962, Val   Acc: 0.8553
2025-10-07 09:21:56,566 - INFO -   -> Best fine-tuned model saved.
2025-10-07 09:21:56,567 - INFO - [Epoch 17/20]
2025-10-07 09:22:01,539 - INFO - Train Loss: 0.1304, Train Acc: 0.9492
2025-10-07 09:22:01,539 - INFO - Val   Loss: 0.4992, Val   Acc: 0.8576
2025-10-07 09:22:01,571 - INFO -   -> Best fine-tuned model saved.
2025-10-07 09:22:01,571 - INFO - [Epoch 18/20]
2025-10-07 09:22:06,435 - INFO - Train Loss: 0.1228, Train Acc: 0.9499
2025-10-07 09:22:06,436 - INFO - Val   Loss: 0.4659, Val   Acc: 0.8660
2025-10-07 09:22:06,497 - INFO -   -> Best fine-tuned model saved.
2025-10-07 09:22:06,498 - INFO - [Epoch 19/20]
2025-10-07 09:22:11,494 - INFO - Train Loss: 0.1126, Train Acc: 0.9586
2025-10-07 09:22:11,494 - INFO - Val   Loss: 0.4532, Val   Acc: 0.8712
2025-10-07 09:22:11,558 - INFO -   -> Best fine-tuned model saved.
2025-10-07 09:22:11,558 - INFO - [Epoch 20/20]
2025-10-07 09:22:16,470 - INFO - Train Loss: 0.1105, Train Acc: 0.9586
2025-10-07 09:22:16,471 - INFO - Val   Loss: 0.4846, Val   Acc: 0.8645
2025-10-07 09:22:16,473 - INFO -   -> No improvement (1/7)
2025-10-07 09:22:16,473 - INFO - 
Loading best fine-tuned model from /data/A-SpeedTransformer/models/transformer/experiments/finetune_lowshot/train200_lr2e-4_warmup0_freeze_attention/best_model.pth for final evaluation...
2025-10-07 09:22:24,493 - INFO - Test Loss: 0.4726, Test Accuracy: 0.8613
2025-10-07 09:22:24,529 - INFO - Classification Report:
              precision    recall  f1-score   support

        bike       0.94      0.81      0.87      6036
         bus       0.97      0.87      0.92      8482
         car       0.68      0.80      0.74      5166
       train       0.81      0.75      0.78      5922
        walk       0.88      0.99      0.93      8924

    accuracy                           0.86     34530
   macro avg       0.85      0.85      0.85     34530
weighted avg       0.87      0.86      0.86     34530

2025-10-07 09:22:24,907 - INFO - Saved confusion_matrix_finetune.png
