2025-10-07 07:30:34,370 - INFO - Initializing DataHandler for fine-tuning...
2025-10-07 07:30:34,370 - INFO - Loading and processing the data...
2025-10-07 07:30:47,422 - INFO - Data loaded and processed successfully.
2025-10-07 07:30:47,423 - INFO - Loading scaler from /data/A-SpeedTransformer/models/lstm/experiments/mobis_lstm_sweeps/mobis_lr5e-4_bs128_h256_l3_do0.1/scaler.joblib...
2025-10-07 07:30:47,455 - INFO - Scaler overwritten with saved scaler.
2025-10-07 07:30:47,455 - INFO - Loading label encoder from /data/A-SpeedTransformer/models/lstm/experiments/mobis_lstm_sweeps/mobis_lr5e-4_bs128_h256_l3_do0.1/label_encoder.joblib...
2025-10-07 07:30:47,473 - INFO - Label encoder overwritten with saved encoder.
2025-10-07 07:30:47,473 - INFO - Re-building datasets using the loaded scaler/encoder...
2025-10-07 07:30:56,776 - INFO - Sequences re-created successfully.
2025-10-07 07:30:56,778 - INFO - DataLoaders for train, val, and test are ready.
2025-10-07 07:30:56,779 - INFO - Initializing LSTM model for fine-tuning...
2025-10-07 07:30:56,903 - INFO - Using device: cuda
2025-10-07 07:30:56,903 - INFO - Loading pretrained model state dict from /data/A-SpeedTransformer/models/lstm/experiments/mobis_lstm_sweeps/mobis_lr5e-4_bs128_h256_l3_do0.1/best_model.pth...
2025-10-07 07:30:57,569 - INFO - Inferred hyperparameters from pretrained model:
2025-10-07 07:30:57,569 - INFO -   Hidden size: 256 (arg: 256)
2025-10-07 07:30:57,569 - INFO -   Num layers: 3 (arg: 2)
2025-10-07 07:30:57,572 - INFO -   Using inferred values to ensure compatibility
2025-10-07 07:30:57,650 - INFO - Loading pretrained model weights...
2025-10-07 07:30:57,651 - INFO - Pretrained model weights loaded successfully.
2025-10-07 07:31:02,779 - INFO - Optimizer re-initialized for fine-tuning.
2025-10-07 07:31:02,787 - INFO - Starting fine-tuning for up to 60 epochs...
2025-10-07 07:31:02,787 - INFO - Epoch 1/60
2025-10-07 07:31:05,125 - INFO - Train Loss: 1.0894, Train Acc: 67.59%
2025-10-07 07:31:07,201 - INFO - Val Loss: 0.9647, Val Acc: 68.42%
2025-10-07 07:31:07,342 - INFO - Best model saved with validation accuracy: 68.42%
2025-10-07 07:31:07,342 - INFO - Epoch 2/60
2025-10-07 07:31:07,801 - INFO - Train Loss: 0.6781, Train Acc: 78.23%
2025-10-07 07:31:10,331 - INFO - Val Loss: 0.7090, Val Acc: 76.26%
2025-10-07 07:31:10,488 - INFO - Best model saved with validation accuracy: 76.26%
2025-10-07 07:31:10,488 - INFO - Epoch 3/60
2025-10-07 07:31:10,859 - INFO - Train Loss: 0.4536, Train Acc: 85.06%
2025-10-07 07:31:13,051 - INFO - Val Loss: 0.5865, Val Acc: 79.55%
2025-10-07 07:31:13,184 - INFO - Best model saved with validation accuracy: 79.55%
2025-10-07 07:31:13,185 - INFO - Epoch 4/60
2025-10-07 07:31:13,567 - INFO - Train Loss: 0.3718, Train Acc: 87.85%
2025-10-07 07:31:15,582 - INFO - Val Loss: 0.5578, Val Acc: 80.16%
2025-10-07 07:31:15,687 - INFO - Best model saved with validation accuracy: 80.16%
2025-10-07 07:31:15,687 - INFO - Epoch 5/60
2025-10-07 07:31:16,076 - INFO - Train Loss: 0.2868, Train Acc: 87.59%
2025-10-07 07:31:17,972 - INFO - Val Loss: 0.4820, Val Acc: 82.63%
2025-10-07 07:31:18,074 - INFO - Best model saved with validation accuracy: 82.63%
2025-10-07 07:31:18,074 - INFO - Epoch 6/60
2025-10-07 07:31:18,422 - INFO - Train Loss: 0.2331, Train Acc: 90.38%
2025-10-07 07:31:20,311 - INFO - Val Loss: 0.4552, Val Acc: 83.57%
2025-10-07 07:31:20,417 - INFO - Best model saved with validation accuracy: 83.57%
2025-10-07 07:31:20,417 - INFO - Epoch 7/60
2025-10-07 07:31:20,798 - INFO - Train Loss: 0.2088, Train Acc: 93.16%
2025-10-07 07:31:22,976 - INFO - Val Loss: 0.4440, Val Acc: 84.25%
2025-10-07 07:31:23,086 - INFO - Best model saved with validation accuracy: 84.25%
2025-10-07 07:31:23,087 - INFO - Epoch 8/60
2025-10-07 07:31:23,589 - INFO - Train Loss: 0.1812, Train Acc: 94.18%
2025-10-07 07:31:26,060 - INFO - Val Loss: 0.4095, Val Acc: 85.83%
2025-10-07 07:31:26,186 - INFO - Best model saved with validation accuracy: 85.83%
2025-10-07 07:31:26,186 - INFO - Epoch 9/60
2025-10-07 07:31:26,546 - INFO - Train Loss: 0.1748, Train Acc: 92.66%
2025-10-07 07:31:28,474 - INFO - Val Loss: 0.4312, Val Acc: 85.23%
2025-10-07 07:31:28,474 - INFO - No improvement for 1 epoch(s).
2025-10-07 07:31:28,474 - INFO - Epoch 10/60
2025-10-07 07:31:28,832 - INFO - Train Loss: 0.1572, Train Acc: 93.16%
2025-10-07 07:31:30,718 - INFO - Val Loss: 0.4105, Val Acc: 86.00%
2025-10-07 07:31:30,855 - INFO - Best model saved with validation accuracy: 86.00%
2025-10-07 07:31:30,855 - INFO - Epoch 11/60
2025-10-07 07:31:31,278 - INFO - Train Loss: 0.1486, Train Acc: 94.68%
2025-10-07 07:31:33,191 - INFO - Val Loss: 0.4247, Val Acc: 85.56%
2025-10-07 07:31:33,191 - INFO - No improvement for 1 epoch(s).
2025-10-07 07:31:33,191 - INFO - Epoch 12/60
2025-10-07 07:31:33,563 - INFO - Train Loss: 0.1349, Train Acc: 96.46%
2025-10-07 07:31:35,894 - INFO - Val Loss: 0.4614, Val Acc: 85.37%
2025-10-07 07:31:35,894 - INFO - No improvement for 2 epoch(s).
2025-10-07 07:31:35,894 - INFO - Epoch 13/60
2025-10-07 07:31:36,282 - INFO - Train Loss: 0.1329, Train Acc: 96.20%
2025-10-07 07:31:38,581 - INFO - Val Loss: 0.4897, Val Acc: 85.02%
2025-10-07 07:31:38,582 - INFO - No improvement for 3 epoch(s).
2025-10-07 07:31:38,583 - INFO - Epoch 14/60
2025-10-07 07:31:38,961 - INFO - Train Loss: 0.1539, Train Acc: 93.16%
2025-10-07 07:31:41,047 - INFO - Val Loss: 0.4486, Val Acc: 85.94%
2025-10-07 07:31:41,048 - INFO - No improvement for 4 epoch(s).
2025-10-07 07:31:41,049 - INFO - Epoch 15/60
2025-10-07 07:31:41,484 - INFO - Train Loss: 0.1317, Train Acc: 94.68%
2025-10-07 07:31:43,384 - INFO - Val Loss: 0.4621, Val Acc: 85.37%
2025-10-07 07:31:43,384 - INFO - No improvement for 5 epoch(s).
2025-10-07 07:31:43,385 - INFO - Epoch 16/60
2025-10-07 07:31:43,795 - INFO - Train Loss: 0.1256, Train Acc: 94.94%
2025-10-07 07:31:45,859 - INFO - Val Loss: 0.4781, Val Acc: 85.02%
2025-10-07 07:31:45,859 - INFO - No improvement for 6 epoch(s).
2025-10-07 07:31:45,860 - INFO - Epoch 17/60
2025-10-07 07:31:46,222 - INFO - Train Loss: 0.1120, Train Acc: 95.95%
2025-10-07 07:31:48,307 - INFO - Val Loss: 0.4845, Val Acc: 85.22%
2025-10-07 07:31:48,307 - INFO - No improvement for 7 epoch(s).
2025-10-07 07:31:48,309 - INFO - Early stopping triggered!
2025-10-07 07:31:48,309 - INFO - Fine-tuning completed.
2025-10-07 07:31:48,309 - INFO - Evaluating the fine-tuned model on the test set...
2025-10-07 07:31:50,359 - INFO - Test Accuracy: 84.99%
2025-10-07 07:31:50,395 - INFO - Classification Report:
              precision    recall  f1-score   support

        bike       0.91      0.76      0.83      2710
         bus       0.86      0.89      0.88      3609
         car       0.68      0.77      0.72      2309
       train       0.78      0.73      0.76      2620
        walk       0.94      0.97      0.96      4650

    accuracy                           0.85     15898
   macro avg       0.83      0.83      0.83     15898
weighted avg       0.85      0.85      0.85     15898

2025-10-07 07:31:50,711 - INFO - Evaluation completed. Fine-tuning script finished successfully.
2025-10-07 07:36:31,652 - INFO - Initializing DataHandler for fine-tuning...
2025-10-07 07:36:31,652 - INFO - Loading and processing the data...
2025-10-07 07:36:44,150 - INFO - Data loaded and processed successfully.
2025-10-07 07:36:44,150 - INFO - Loading scaler from /data/A-SpeedTransformer/models/lstm/experiments/mobis_lstm_sweeps/mobis_lr5e-4_bs128_h256_l3_do0.1/scaler.joblib...
2025-10-07 07:36:44,155 - INFO - Scaler overwritten with saved scaler.
2025-10-07 07:36:44,155 - INFO - Loading label encoder from /data/A-SpeedTransformer/models/lstm/experiments/mobis_lstm_sweeps/mobis_lr5e-4_bs128_h256_l3_do0.1/label_encoder.joblib...
2025-10-07 07:36:44,158 - INFO - Label encoder overwritten with saved encoder.
2025-10-07 07:36:44,158 - INFO - Re-building datasets using the loaded scaler/encoder...
2025-10-07 07:36:53,547 - INFO - Sequences re-created successfully.
2025-10-07 07:36:53,547 - INFO - DataLoaders for train, val, and test are ready.
2025-10-07 07:36:53,549 - INFO - Initializing LSTM model for fine-tuning...
2025-10-07 07:36:53,666 - INFO - Using device: cuda
2025-10-07 07:36:53,666 - INFO - Loading pretrained model state dict from /data/A-SpeedTransformer/models/lstm/experiments/mobis_lstm_sweeps/mobis_lr5e-4_bs128_h256_l3_do0.1/best_model.pth...
2025-10-07 07:36:53,895 - INFO - Inferred hyperparameters from pretrained model:
2025-10-07 07:36:53,896 - INFO -   Hidden size: 256 (arg: 256)
2025-10-07 07:36:53,896 - INFO -   Num layers: 3 (arg: 2)
2025-10-07 07:36:53,896 - INFO -   Using inferred values to ensure compatibility
2025-10-07 07:36:53,957 - INFO - Loading pretrained model weights...
2025-10-07 07:36:53,958 - INFO - Pretrained model weights loaded successfully.
2025-10-07 07:36:58,525 - INFO - Optimizer re-initialized for fine-tuning.
2025-10-07 07:36:58,527 - INFO - Starting fine-tuning for up to 60 epochs...
2025-10-07 07:36:58,527 - INFO - Epoch 1/60
2025-10-07 07:36:59,415 - INFO - Train Loss: 0.9890, Train Acc: 70.18%
2025-10-07 07:37:01,367 - INFO - Val Loss: 0.7911, Val Acc: 75.17%
2025-10-07 07:37:01,483 - INFO - Best model saved with validation accuracy: 75.17%
2025-10-07 07:37:01,484 - INFO - Epoch 2/60
2025-10-07 07:37:02,032 - INFO - Train Loss: 0.5558, Train Acc: 81.75%
2025-10-07 07:37:04,224 - INFO - Val Loss: 0.5671, Val Acc: 81.57%
2025-10-07 07:37:04,789 - INFO - Best model saved with validation accuracy: 81.57%
2025-10-07 07:37:04,789 - INFO - Epoch 3/60
2025-10-07 07:37:05,938 - INFO - Train Loss: 0.3609, Train Acc: 86.35%
2025-10-07 07:37:07,968 - INFO - Val Loss: 0.4552, Val Acc: 85.42%
2025-10-07 07:37:08,119 - INFO - Best model saved with validation accuracy: 85.42%
2025-10-07 07:37:08,119 - INFO - Epoch 4/60
2025-10-07 07:37:08,594 - INFO - Train Loss: 0.2596, Train Acc: 90.80%
2025-10-07 07:37:10,890 - INFO - Val Loss: 0.4346, Val Acc: 86.42%
2025-10-07 07:37:11,021 - INFO - Best model saved with validation accuracy: 86.42%
2025-10-07 07:37:11,021 - INFO - Epoch 5/60
2025-10-07 07:37:11,525 - INFO - Train Loss: 0.2250, Train Acc: 92.43%
2025-10-07 07:37:13,553 - INFO - Val Loss: 0.4028, Val Acc: 87.49%
2025-10-07 07:37:13,702 - INFO - Best model saved with validation accuracy: 87.49%
2025-10-07 07:37:13,702 - INFO - Epoch 6/60
2025-10-07 07:37:14,192 - INFO - Train Loss: 0.2237, Train Acc: 91.84%
2025-10-07 07:37:16,135 - INFO - Val Loss: 0.4058, Val Acc: 86.76%
2025-10-07 07:37:16,135 - INFO - No improvement for 1 epoch(s).
2025-10-07 07:37:16,135 - INFO - Epoch 7/60
2025-10-07 07:37:16,627 - INFO - Train Loss: 0.2140, Train Acc: 91.99%
2025-10-07 07:37:18,750 - INFO - Val Loss: 0.4128, Val Acc: 87.18%
2025-10-07 07:37:18,750 - INFO - No improvement for 2 epoch(s).
2025-10-07 07:37:18,750 - INFO - Epoch 8/60
2025-10-07 07:37:19,582 - INFO - Train Loss: 0.2075, Train Acc: 92.73%
2025-10-07 07:37:21,688 - INFO - Val Loss: 0.3874, Val Acc: 87.94%
2025-10-07 07:37:21,832 - INFO - Best model saved with validation accuracy: 87.94%
2025-10-07 07:37:21,832 - INFO - Epoch 9/60
2025-10-07 07:37:22,363 - INFO - Train Loss: 0.1834, Train Acc: 92.73%
2025-10-07 07:37:24,525 - INFO - Val Loss: 0.3840, Val Acc: 87.83%
2025-10-07 07:37:24,526 - INFO - No improvement for 1 epoch(s).
2025-10-07 07:37:24,527 - INFO - Epoch 10/60
2025-10-07 07:37:25,066 - INFO - Train Loss: 0.1693, Train Acc: 93.03%
2025-10-07 07:37:27,069 - INFO - Val Loss: 0.3869, Val Acc: 87.78%
2025-10-07 07:37:27,069 - INFO - No improvement for 2 epoch(s).
2025-10-07 07:37:27,069 - INFO - Epoch 11/60
2025-10-07 07:37:27,591 - INFO - Train Loss: 0.1594, Train Acc: 93.32%
2025-10-07 07:37:29,559 - INFO - Val Loss: 0.3833, Val Acc: 88.14%
2025-10-07 07:37:29,668 - INFO - Best model saved with validation accuracy: 88.14%
2025-10-07 07:37:29,669 - INFO - Epoch 12/60
2025-10-07 07:37:30,176 - INFO - Train Loss: 0.1589, Train Acc: 93.77%
2025-10-07 07:37:32,098 - INFO - Val Loss: 0.3916, Val Acc: 88.20%
2025-10-07 07:37:32,199 - INFO - Best model saved with validation accuracy: 88.20%
2025-10-07 07:37:32,199 - INFO - Epoch 13/60
2025-10-07 07:37:32,698 - INFO - Train Loss: 0.1571, Train Acc: 94.21%
2025-10-07 07:37:34,968 - INFO - Val Loss: 0.3984, Val Acc: 87.76%
2025-10-07 07:37:34,968 - INFO - No improvement for 1 epoch(s).
2025-10-07 07:37:34,970 - INFO - Epoch 14/60
2025-10-07 07:37:35,476 - INFO - Train Loss: 0.1467, Train Acc: 94.36%
2025-10-07 07:37:38,000 - INFO - Val Loss: 0.3971, Val Acc: 88.18%
2025-10-07 07:37:38,001 - INFO - No improvement for 2 epoch(s).
2025-10-07 07:37:38,001 - INFO - Epoch 15/60
2025-10-07 07:37:38,527 - INFO - Train Loss: 0.1453, Train Acc: 94.51%
2025-10-07 07:37:40,658 - INFO - Val Loss: 0.4122, Val Acc: 87.70%
2025-10-07 07:37:40,659 - INFO - No improvement for 3 epoch(s).
2025-10-07 07:37:40,660 - INFO - Epoch 16/60
2025-10-07 07:37:41,176 - INFO - Train Loss: 0.1437, Train Acc: 94.36%
2025-10-07 07:37:43,403 - INFO - Val Loss: 0.4091, Val Acc: 88.08%
2025-10-07 07:37:43,403 - INFO - No improvement for 4 epoch(s).
2025-10-07 07:37:43,405 - INFO - Epoch 17/60
2025-10-07 07:37:43,930 - INFO - Train Loss: 0.1401, Train Acc: 94.36%
2025-10-07 07:37:46,309 - INFO - Val Loss: 0.4129, Val Acc: 88.19%
2025-10-07 07:37:46,310 - INFO - No improvement for 5 epoch(s).
2025-10-07 07:37:46,311 - INFO - Epoch 18/60
2025-10-07 07:37:46,835 - INFO - Train Loss: 0.1319, Train Acc: 94.66%
2025-10-07 07:37:48,930 - INFO - Val Loss: 0.4327, Val Acc: 87.75%
2025-10-07 07:37:48,931 - INFO - No improvement for 6 epoch(s).
2025-10-07 07:37:48,931 - INFO - Epoch 19/60
2025-10-07 07:37:49,440 - INFO - Train Loss: 0.1276, Train Acc: 95.40%
2025-10-07 07:37:51,338 - INFO - Val Loss: 0.4418, Val Acc: 87.83%
2025-10-07 07:37:51,338 - INFO - No improvement for 7 epoch(s).
2025-10-07 07:37:51,340 - INFO - Early stopping triggered!
2025-10-07 07:37:51,340 - INFO - Fine-tuning completed.
2025-10-07 07:37:51,340 - INFO - Evaluating the fine-tuned model on the test set...
2025-10-07 07:37:53,240 - INFO - Test Accuracy: 87.25%
2025-10-07 07:37:53,270 - INFO - Classification Report:
              precision    recall  f1-score   support

        bike       0.89      0.86      0.88      2704
         bus       0.93      0.87      0.90      3661
         car       0.73      0.80      0.76      2285
       train       0.78      0.76      0.77      2295
        walk       0.94      0.98      0.96      4480

    accuracy                           0.87     15425
   macro avg       0.85      0.85      0.85     15425
weighted avg       0.87      0.87      0.87     15425

2025-10-07 07:37:53,398 - INFO - Evaluation completed. Fine-tuning script finished successfully.
2025-10-07 07:54:07,413 - INFO - Initializing DataHandler for fine-tuning...
2025-10-07 07:54:07,413 - INFO - Loading and processing the data...
2025-10-07 07:54:19,319 - INFO - Data loaded and processed successfully.
2025-10-07 07:54:19,319 - INFO - Loading scaler from /data/A-SpeedTransformer/models/lstm/experiments/mobis_lstm_sweeps/mobis_lr5e-4_bs128_h256_l3_do0.1/scaler.joblib...
2025-10-07 07:54:19,327 - INFO - Scaler overwritten with saved scaler.
2025-10-07 07:54:19,327 - INFO - Loading label encoder from /data/A-SpeedTransformer/models/lstm/experiments/mobis_lstm_sweeps/mobis_lr5e-4_bs128_h256_l3_do0.1/label_encoder.joblib...
2025-10-07 07:54:19,332 - INFO - Label encoder overwritten with saved encoder.
2025-10-07 07:54:19,333 - INFO - Re-building datasets using the loaded scaler/encoder...
2025-10-07 07:54:28,340 - INFO - Sequences re-created successfully.
2025-10-07 07:54:28,340 - INFO - DataLoaders for train, val, and test are ready.
2025-10-07 07:54:28,342 - INFO - Initializing LSTM model for fine-tuning...
2025-10-07 07:54:28,459 - INFO - Using device: cuda
2025-10-07 07:54:28,459 - INFO - Loading pretrained model state dict from /data/A-SpeedTransformer/models/lstm/experiments/mobis_lstm_sweeps/mobis_lr5e-4_bs128_h256_l3_do0.1/best_model.pth...
2025-10-07 07:54:28,673 - INFO - Inferred hyperparameters from pretrained model:
2025-10-07 07:54:28,673 - INFO -   Hidden size: 256 (arg: 256)
2025-10-07 07:54:28,673 - INFO -   Num layers: 3 (arg: 2)
2025-10-07 07:54:28,673 - INFO -   Using inferred values to ensure compatibility
2025-10-07 07:54:28,723 - INFO - Loading pretrained model weights...
2025-10-07 07:54:28,724 - INFO - Pretrained model weights loaded successfully.
2025-10-07 07:54:33,157 - INFO - Optimizer re-initialized for fine-tuning.
2025-10-07 07:54:33,159 - INFO - Starting fine-tuning for up to 20 epochs...
2025-10-07 07:54:33,159 - INFO - Epoch 1/20
2025-10-07 07:54:34,028 - INFO - Train Loss: 1.3346, Train Acc: 71.39%
2025-10-07 07:54:37,361 - INFO - Val Loss: 1.4487, Val Acc: 62.61%
2025-10-07 07:54:37,494 - INFO - Best model saved with validation accuracy: 62.61%
2025-10-07 07:54:37,494 - INFO - Epoch 2/20
2025-10-07 07:54:37,954 - INFO - Train Loss: 1.1774, Train Acc: 68.35%
2025-10-07 07:54:40,845 - INFO - Val Loss: 1.4402, Val Acc: 62.79%
2025-10-07 07:54:40,983 - INFO - Best model saved with validation accuracy: 62.79%
2025-10-07 07:54:40,984 - INFO - Epoch 3/20
2025-10-07 07:54:41,427 - INFO - Train Loss: 1.2704, Train Acc: 67.34%
2025-10-07 07:54:44,976 - INFO - Val Loss: 1.4285, Val Acc: 63.02%
2025-10-07 07:54:45,143 - INFO - Best model saved with validation accuracy: 63.02%
2025-10-07 07:54:45,143 - INFO - Epoch 4/20
2025-10-07 07:54:45,557 - INFO - Train Loss: 1.2175, Train Acc: 67.59%
2025-10-07 07:54:48,883 - INFO - Val Loss: 1.4168, Val Acc: 63.28%
2025-10-07 07:54:49,005 - INFO - Best model saved with validation accuracy: 63.28%
2025-10-07 07:54:49,005 - INFO - Epoch 5/20
2025-10-07 07:54:49,486 - INFO - Train Loss: 1.2587, Train Acc: 68.35%
2025-10-07 07:54:52,526 - INFO - Val Loss: 1.4051, Val Acc: 63.45%
2025-10-07 07:54:52,646 - INFO - Best model saved with validation accuracy: 63.45%
2025-10-07 07:54:52,646 - INFO - Epoch 6/20
2025-10-07 07:54:53,059 - INFO - Train Loss: 1.1853, Train Acc: 67.85%
2025-10-07 07:54:56,644 - INFO - Val Loss: 1.3933, Val Acc: 63.74%
2025-10-07 07:54:56,744 - INFO - Best model saved with validation accuracy: 63.74%
2025-10-07 07:54:56,744 - INFO - Epoch 7/20
2025-10-07 07:54:57,154 - INFO - Train Loss: 1.2646, Train Acc: 69.11%
2025-10-07 07:55:00,221 - INFO - Val Loss: 1.3825, Val Acc: 63.95%
2025-10-07 07:55:00,341 - INFO - Best model saved with validation accuracy: 63.95%
2025-10-07 07:55:00,341 - INFO - Epoch 8/20
2025-10-07 07:55:00,755 - INFO - Train Loss: 1.1793, Train Acc: 68.61%
2025-10-07 07:55:03,576 - INFO - Val Loss: 1.3725, Val Acc: 64.13%
2025-10-07 07:55:03,675 - INFO - Best model saved with validation accuracy: 64.13%
2025-10-07 07:55:03,675 - INFO - Epoch 9/20
2025-10-07 07:55:04,081 - INFO - Train Loss: 1.1861, Train Acc: 69.37%
2025-10-07 07:55:07,222 - INFO - Val Loss: 1.3625, Val Acc: 64.28%
2025-10-07 07:55:07,370 - INFO - Best model saved with validation accuracy: 64.28%
2025-10-07 07:55:07,370 - INFO - Epoch 10/20
2025-10-07 07:55:07,787 - INFO - Train Loss: 1.2363, Train Acc: 67.09%
2025-10-07 07:55:10,645 - INFO - Val Loss: 1.3520, Val Acc: 64.42%
2025-10-07 07:55:10,741 - INFO - Best model saved with validation accuracy: 64.42%
2025-10-07 07:55:10,741 - INFO - Epoch 11/20
2025-10-07 07:55:11,138 - INFO - Train Loss: 1.2086, Train Acc: 68.35%
2025-10-07 07:55:14,324 - INFO - Val Loss: 1.3441, Val Acc: 64.54%
2025-10-07 07:55:14,466 - INFO - Best model saved with validation accuracy: 64.54%
2025-10-07 07:55:14,467 - INFO - Epoch 12/20
2025-10-07 07:55:14,921 - INFO - Train Loss: 1.2544, Train Acc: 68.10%
2025-10-07 07:55:18,283 - INFO - Val Loss: 1.3371, Val Acc: 64.67%
2025-10-07 07:55:18,391 - INFO - Best model saved with validation accuracy: 64.67%
2025-10-07 07:55:18,391 - INFO - Epoch 13/20
2025-10-07 07:55:18,848 - INFO - Train Loss: 1.1330, Train Acc: 70.63%
2025-10-07 07:55:21,967 - INFO - Val Loss: 1.3308, Val Acc: 64.75%
2025-10-07 07:55:22,102 - INFO - Best model saved with validation accuracy: 64.75%
2025-10-07 07:55:22,103 - INFO - Epoch 14/20
2025-10-07 07:55:22,543 - INFO - Train Loss: 1.1874, Train Acc: 68.10%
2025-10-07 07:55:25,923 - INFO - Val Loss: 1.3237, Val Acc: 64.85%
2025-10-07 07:55:26,051 - INFO - Best model saved with validation accuracy: 64.85%
2025-10-07 07:55:26,051 - INFO - Epoch 15/20
2025-10-07 07:55:26,467 - INFO - Train Loss: 1.2435, Train Acc: 69.37%
2025-10-07 07:55:29,612 - INFO - Val Loss: 1.3173, Val Acc: 64.98%
2025-10-07 07:55:29,712 - INFO - Best model saved with validation accuracy: 64.98%
2025-10-07 07:55:29,712 - INFO - Epoch 16/20
2025-10-07 07:55:30,173 - INFO - Train Loss: 1.2081, Train Acc: 68.35%
2025-10-07 07:55:33,734 - INFO - Val Loss: 1.3092, Val Acc: 65.04%
2025-10-07 07:55:33,995 - INFO - Best model saved with validation accuracy: 65.04%
2025-10-07 07:55:33,996 - INFO - Epoch 17/20
2025-10-07 07:55:34,477 - INFO - Train Loss: 1.1614, Train Acc: 70.13%
2025-10-07 07:55:38,017 - INFO - Val Loss: 1.3014, Val Acc: 65.12%
2025-10-07 07:55:38,190 - INFO - Best model saved with validation accuracy: 65.12%
2025-10-07 07:55:38,190 - INFO - Epoch 18/20
2025-10-07 07:55:38,635 - INFO - Train Loss: 1.2052, Train Acc: 69.37%
2025-10-07 07:55:42,213 - INFO - Val Loss: 1.2940, Val Acc: 65.29%
2025-10-07 07:55:42,416 - INFO - Best model saved with validation accuracy: 65.29%
2025-10-07 07:55:42,416 - INFO - Epoch 19/20
2025-10-07 07:55:42,796 - INFO - Train Loss: 1.2012, Train Acc: 70.89%
2025-10-07 07:55:45,678 - INFO - Val Loss: 1.2878, Val Acc: 65.30%
2025-10-07 07:55:45,827 - INFO - Best model saved with validation accuracy: 65.30%
2025-10-07 07:55:45,828 - INFO - Epoch 20/20
2025-10-07 07:55:46,217 - INFO - Train Loss: 1.2144, Train Acc: 70.89%
2025-10-07 07:55:49,614 - INFO - Val Loss: 1.2825, Val Acc: 65.43%
2025-10-07 07:55:49,804 - INFO - Best model saved with validation accuracy: 65.43%
2025-10-07 07:55:49,804 - INFO - Fine-tuning completed.
2025-10-07 07:55:49,806 - INFO - Evaluating the fine-tuned model on the test set...
2025-10-07 07:55:53,300 - INFO - Test Accuracy: 66.31%
2025-10-07 07:55:53,324 - INFO - Classification Report:
              precision    recall  f1-score   support

        bike       0.48      0.60      0.53      2710
         bus       0.81      0.86      0.84      3609
         car       0.45      0.77      0.57      2309
       train       0.65      0.44      0.53      2620
        walk       0.98      0.61      0.76      4650

    accuracy                           0.66     15898
   macro avg       0.67      0.66      0.64     15898
weighted avg       0.73      0.66      0.67     15898

2025-10-07 07:55:53,446 - INFO - Evaluation completed. Fine-tuning script finished successfully.
2025-10-07 08:00:35,009 - INFO - Initializing DataHandler for fine-tuning...
2025-10-07 08:00:35,009 - INFO - Loading and processing the data...
2025-10-07 08:00:47,845 - INFO - Data loaded and processed successfully.
2025-10-07 08:00:47,845 - INFO - Loading scaler from /data/A-SpeedTransformer/models/lstm/experiments/mobis_lstm_sweeps/mobis_lr5e-4_bs128_h256_l3_do0.1/scaler.joblib...
2025-10-07 08:00:47,848 - INFO - Scaler overwritten with saved scaler.
2025-10-07 08:00:47,848 - INFO - Loading label encoder from /data/A-SpeedTransformer/models/lstm/experiments/mobis_lstm_sweeps/mobis_lr5e-4_bs128_h256_l3_do0.1/label_encoder.joblib...
2025-10-07 08:00:47,851 - INFO - Label encoder overwritten with saved encoder.
2025-10-07 08:00:47,851 - INFO - Re-building datasets using the loaded scaler/encoder...
2025-10-07 08:00:57,040 - INFO - Sequences re-created successfully.
2025-10-07 08:00:57,041 - INFO - DataLoaders for train, val, and test are ready.
2025-10-07 08:00:57,042 - INFO - Initializing LSTM model for fine-tuning...
2025-10-07 08:00:57,159 - INFO - Using device: cuda
2025-10-07 08:00:57,159 - INFO - Loading pretrained model state dict from /data/A-SpeedTransformer/models/lstm/experiments/mobis_lstm_sweeps/mobis_lr5e-4_bs128_h256_l3_do0.1/best_model.pth...
2025-10-07 08:00:57,371 - INFO - Inferred hyperparameters from pretrained model:
2025-10-07 08:00:57,371 - INFO -   Hidden size: 256 (arg: 256)
2025-10-07 08:00:57,371 - INFO -   Num layers: 3 (arg: 2)
2025-10-07 08:00:57,371 - INFO -   Using inferred values to ensure compatibility
2025-10-07 08:00:57,419 - INFO - Loading pretrained model weights...
2025-10-07 08:00:57,419 - INFO - Pretrained model weights loaded successfully.
2025-10-07 08:01:01,529 - INFO - Optimizer re-initialized for fine-tuning.
2025-10-07 08:01:01,531 - INFO - Starting fine-tuning for up to 20 epochs...
2025-10-07 08:01:01,531 - INFO - Epoch 1/20
2025-10-07 08:01:02,556 - INFO - Train Loss: 1.2574, Train Acc: 68.99%
2025-10-07 08:01:05,647 - INFO - Val Loss: 1.4543, Val Acc: 61.94%
2025-10-07 08:01:05,818 - INFO - Best model saved with validation accuracy: 61.94%
2025-10-07 08:01:05,818 - INFO - Epoch 2/20
2025-10-07 08:01:06,534 - INFO - Train Loss: 1.2630, Train Acc: 67.95%
2025-10-07 08:01:10,118 - INFO - Val Loss: 1.4365, Val Acc: 62.23%
2025-10-07 08:01:10,396 - INFO - Best model saved with validation accuracy: 62.23%
2025-10-07 08:01:10,396 - INFO - Epoch 3/20
2025-10-07 08:01:11,022 - INFO - Train Loss: 1.3562, Train Acc: 65.58%
2025-10-07 08:01:14,211 - INFO - Val Loss: 1.4214, Val Acc: 62.51%
2025-10-07 08:01:14,353 - INFO - Best model saved with validation accuracy: 62.51%
2025-10-07 08:01:14,353 - INFO - Epoch 4/20
2025-10-07 08:01:14,907 - INFO - Train Loss: 1.2446, Train Acc: 65.58%
2025-10-07 08:01:18,692 - INFO - Val Loss: 1.4069, Val Acc: 62.77%
2025-10-07 08:01:18,884 - INFO - Best model saved with validation accuracy: 62.77%
2025-10-07 08:01:18,885 - INFO - Epoch 5/20
2025-10-07 08:01:19,719 - INFO - Train Loss: 1.2789, Train Acc: 67.80%
2025-10-07 08:01:23,495 - INFO - Val Loss: 1.3955, Val Acc: 63.05%
2025-10-07 08:01:23,717 - INFO - Best model saved with validation accuracy: 63.05%
2025-10-07 08:01:23,717 - INFO - Epoch 6/20
2025-10-07 08:01:24,478 - INFO - Train Loss: 1.2465, Train Acc: 67.80%
2025-10-07 08:01:28,229 - INFO - Val Loss: 1.3819, Val Acc: 63.27%
2025-10-07 08:01:28,390 - INFO - Best model saved with validation accuracy: 63.27%
2025-10-07 08:01:28,390 - INFO - Epoch 7/20
2025-10-07 08:01:29,142 - INFO - Train Loss: 1.3097, Train Acc: 66.62%
2025-10-07 08:01:32,896 - INFO - Val Loss: 1.3697, Val Acc: 63.43%
2025-10-07 08:01:33,062 - INFO - Best model saved with validation accuracy: 63.43%
2025-10-07 08:01:33,062 - INFO - Epoch 8/20
2025-10-07 08:01:33,808 - INFO - Train Loss: 1.3183, Train Acc: 65.58%
2025-10-07 08:01:37,513 - INFO - Val Loss: 1.3580, Val Acc: 63.56%
2025-10-07 08:01:37,734 - INFO - Best model saved with validation accuracy: 63.56%
2025-10-07 08:01:37,734 - INFO - Epoch 9/20
2025-10-07 08:01:38,502 - INFO - Train Loss: 1.2160, Train Acc: 69.14%
2025-10-07 08:01:42,241 - INFO - Val Loss: 1.3486, Val Acc: 63.65%
2025-10-07 08:01:42,388 - INFO - Best model saved with validation accuracy: 63.65%
2025-10-07 08:01:42,389 - INFO - Epoch 10/20
2025-10-07 08:01:43,148 - INFO - Train Loss: 1.2230, Train Acc: 66.02%
2025-10-07 08:01:46,897 - INFO - Val Loss: 1.3395, Val Acc: 63.79%
2025-10-07 08:01:47,060 - INFO - Best model saved with validation accuracy: 63.79%
2025-10-07 08:01:47,060 - INFO - Epoch 11/20
2025-10-07 08:01:47,822 - INFO - Train Loss: 1.2070, Train Acc: 66.62%
2025-10-07 08:01:51,589 - INFO - Val Loss: 1.3286, Val Acc: 64.07%
2025-10-07 08:01:51,758 - INFO - Best model saved with validation accuracy: 64.07%
2025-10-07 08:01:51,759 - INFO - Epoch 12/20
2025-10-07 08:01:52,394 - INFO - Train Loss: 1.1947, Train Acc: 66.17%
2025-10-07 08:01:55,761 - INFO - Val Loss: 1.3172, Val Acc: 64.20%
2025-10-07 08:01:56,118 - INFO - Best model saved with validation accuracy: 64.20%
2025-10-07 08:01:56,119 - INFO - Epoch 13/20
2025-10-07 08:01:56,833 - INFO - Train Loss: 1.2391, Train Acc: 66.91%
2025-10-07 08:02:00,616 - INFO - Val Loss: 1.3060, Val Acc: 64.34%
2025-10-07 08:02:00,795 - INFO - Best model saved with validation accuracy: 64.34%
2025-10-07 08:02:00,795 - INFO - Epoch 14/20
2025-10-07 08:02:01,574 - INFO - Train Loss: 1.2179, Train Acc: 66.91%
2025-10-07 08:02:05,059 - INFO - Val Loss: 1.2940, Val Acc: 64.55%
2025-10-07 08:02:05,431 - INFO - Best model saved with validation accuracy: 64.55%
2025-10-07 08:02:05,431 - INFO - Epoch 15/20
2025-10-07 08:02:06,260 - INFO - Train Loss: 1.2782, Train Acc: 66.62%
2025-10-07 08:02:09,738 - INFO - Val Loss: 1.2837, Val Acc: 64.74%
2025-10-07 08:02:09,899 - INFO - Best model saved with validation accuracy: 64.74%
2025-10-07 08:02:09,899 - INFO - Epoch 16/20
2025-10-07 08:02:10,553 - INFO - Train Loss: 1.1494, Train Acc: 67.66%
2025-10-07 08:02:14,030 - INFO - Val Loss: 1.2767, Val Acc: 64.80%
2025-10-07 08:02:14,214 - INFO - Best model saved with validation accuracy: 64.80%
2025-10-07 08:02:14,214 - INFO - Epoch 17/20
2025-10-07 08:02:14,904 - INFO - Train Loss: 1.1713, Train Acc: 67.95%
2025-10-07 08:02:18,146 - INFO - Val Loss: 1.2691, Val Acc: 64.94%
2025-10-07 08:02:18,342 - INFO - Best model saved with validation accuracy: 64.94%
2025-10-07 08:02:18,343 - INFO - Epoch 18/20
2025-10-07 08:02:19,015 - INFO - Train Loss: 1.0990, Train Acc: 69.29%
2025-10-07 08:02:22,350 - INFO - Val Loss: 1.2599, Val Acc: 65.06%
2025-10-07 08:02:22,462 - INFO - Best model saved with validation accuracy: 65.06%
2025-10-07 08:02:22,462 - INFO - Epoch 19/20
2025-10-07 08:02:23,199 - INFO - Train Loss: 1.2071, Train Acc: 66.77%
2025-10-07 08:02:26,502 - INFO - Val Loss: 1.2529, Val Acc: 65.24%
2025-10-07 08:02:26,646 - INFO - Best model saved with validation accuracy: 65.24%
2025-10-07 08:02:26,646 - INFO - Epoch 20/20
2025-10-07 08:02:27,278 - INFO - Train Loss: 1.1722, Train Acc: 68.40%
2025-10-07 08:02:30,680 - INFO - Val Loss: 1.2464, Val Acc: 65.31%
2025-10-07 08:02:30,794 - INFO - Best model saved with validation accuracy: 65.31%
2025-10-07 08:02:30,795 - INFO - Fine-tuning completed.
2025-10-07 08:02:30,795 - INFO - Evaluating the fine-tuned model on the test set...
2025-10-07 08:02:34,294 - INFO - Test Accuracy: 67.31%
2025-10-07 08:02:34,326 - INFO - Classification Report:
              precision    recall  f1-score   support

        bike       0.50      0.59      0.54      2704
         bus       0.82      0.86      0.84      3661
         car       0.47      0.84      0.60      2285
       train       0.66      0.38      0.48      2295
        walk       0.98      0.64      0.77      4480

    accuracy                           0.67     15425
   macro avg       0.68      0.66      0.65     15425
weighted avg       0.73      0.67      0.68     15425

2025-10-07 08:02:34,464 - INFO - Evaluation completed. Fine-tuning script finished successfully.
2025-10-07 08:18:36,026 - INFO - Initializing DataHandler for fine-tuning...
2025-10-07 08:18:36,026 - INFO - Loading and processing the data...
2025-10-07 08:18:48,416 - INFO - Data loaded and processed successfully.
2025-10-07 08:18:48,417 - INFO - Loading scaler from /data/A-SpeedTransformer/models/lstm/experiments/mobis_lstm_sweeps/mobis_lr5e-4_bs128_h256_l3_do0.1/scaler.joblib...
2025-10-07 08:18:48,421 - INFO - Scaler overwritten with saved scaler.
2025-10-07 08:18:48,421 - INFO - Loading label encoder from /data/A-SpeedTransformer/models/lstm/experiments/mobis_lstm_sweeps/mobis_lr5e-4_bs128_h256_l3_do0.1/label_encoder.joblib...
2025-10-07 08:18:48,425 - INFO - Label encoder overwritten with saved encoder.
2025-10-07 08:18:48,442 - INFO - Re-building datasets using the loaded scaler/encoder...
2025-10-07 08:18:57,436 - INFO - Sequences re-created successfully.
2025-10-07 08:18:57,436 - INFO - DataLoaders for train, val, and test are ready.
2025-10-07 08:18:57,438 - INFO - Initializing LSTM model for fine-tuning...
2025-10-07 08:18:57,555 - INFO - Using device: cuda
2025-10-07 08:18:57,556 - INFO - Loading pretrained model state dict from /data/A-SpeedTransformer/models/lstm/experiments/mobis_lstm_sweeps/mobis_lr5e-4_bs128_h256_l3_do0.1/best_model.pth...
2025-10-07 08:18:57,769 - INFO - Inferred hyperparameters from pretrained model:
2025-10-07 08:18:57,769 - INFO -   Hidden size: 256 (arg: 256)
2025-10-07 08:18:57,769 - INFO -   Num layers: 3 (arg: 2)
2025-10-07 08:18:57,769 - INFO -   Using inferred values to ensure compatibility
2025-10-07 08:18:57,825 - INFO - Loading pretrained model weights...
2025-10-07 08:18:57,826 - INFO - Pretrained model weights loaded successfully.
2025-10-07 08:19:02,822 - INFO - Optimizer re-initialized for fine-tuning.
2025-10-07 08:19:02,825 - INFO - Starting fine-tuning for up to 60 epochs...
2025-10-07 08:19:02,825 - INFO - Epoch 1/60
2025-10-07 08:19:03,625 - INFO - Train Loss: 1.3648, Train Acc: 58.99%
2025-10-07 08:19:05,166 - INFO - Val Loss: 1.3167, Val Acc: 66.20%
2025-10-07 08:19:05,293 - INFO - Best model saved with validation accuracy: 66.20%
2025-10-07 08:19:05,293 - INFO - Epoch 2/60
2025-10-07 08:19:05,736 - INFO - Train Loss: 1.1863, Train Acc: 64.81%
2025-10-07 08:19:07,332 - INFO - Val Loss: 1.1953, Val Acc: 68.09%
2025-10-07 08:19:07,502 - INFO - Best model saved with validation accuracy: 68.09%
2025-10-07 08:19:07,503 - INFO - Epoch 3/60
2025-10-07 08:19:07,984 - INFO - Train Loss: 1.0475, Train Acc: 68.86%
2025-10-07 08:19:09,571 - INFO - Val Loss: 1.0988, Val Acc: 69.42%
2025-10-07 08:19:09,721 - INFO - Best model saved with validation accuracy: 69.42%
2025-10-07 08:19:09,722 - INFO - Epoch 4/60
2025-10-07 08:19:10,161 - INFO - Train Loss: 0.9297, Train Acc: 73.92%
2025-10-07 08:19:11,735 - INFO - Val Loss: 1.0350, Val Acc: 70.24%
2025-10-07 08:19:11,849 - INFO - Best model saved with validation accuracy: 70.24%
2025-10-07 08:19:11,849 - INFO - Epoch 5/60
2025-10-07 08:19:12,284 - INFO - Train Loss: 0.8533, Train Acc: 73.92%
2025-10-07 08:19:13,870 - INFO - Val Loss: 1.0030, Val Acc: 69.72%
2025-10-07 08:19:13,871 - INFO - No improvement for 1 epoch(s).
2025-10-07 08:19:13,872 - INFO - Epoch 6/60
2025-10-07 08:19:14,317 - INFO - Train Loss: 0.7787, Train Acc: 75.95%
2025-10-07 08:19:15,843 - INFO - Val Loss: 0.9802, Val Acc: 69.43%
2025-10-07 08:19:15,843 - INFO - No improvement for 2 epoch(s).
2025-10-07 08:19:15,843 - INFO - Epoch 7/60
2025-10-07 08:19:16,232 - INFO - Train Loss: 0.7284, Train Acc: 74.68%
2025-10-07 08:19:17,747 - INFO - Val Loss: 0.9528, Val Acc: 70.05%
2025-10-07 08:19:17,747 - INFO - No improvement for 3 epoch(s).
2025-10-07 08:19:17,747 - INFO - Epoch 8/60
2025-10-07 08:19:18,115 - INFO - Train Loss: 0.7117, Train Acc: 76.96%
2025-10-07 08:19:19,620 - INFO - Val Loss: 0.9195, Val Acc: 71.05%
2025-10-07 08:19:19,768 - INFO - Best model saved with validation accuracy: 71.05%
2025-10-07 08:19:19,768 - INFO - Epoch 9/60
2025-10-07 08:19:20,174 - INFO - Train Loss: 0.6594, Train Acc: 77.97%
2025-10-07 08:19:21,684 - INFO - Val Loss: 0.8831, Val Acc: 72.22%
2025-10-07 08:19:21,803 - INFO - Best model saved with validation accuracy: 72.22%
2025-10-07 08:19:21,803 - INFO - Epoch 10/60
2025-10-07 08:19:22,216 - INFO - Train Loss: 0.6261, Train Acc: 78.48%
2025-10-07 08:19:23,772 - INFO - Val Loss: 0.8460, Val Acc: 73.38%
2025-10-07 08:19:23,892 - INFO - Best model saved with validation accuracy: 73.38%
2025-10-07 08:19:23,892 - INFO - Epoch 11/60
2025-10-07 08:19:24,270 - INFO - Train Loss: 0.5860, Train Acc: 81.52%
2025-10-07 08:19:25,785 - INFO - Val Loss: 0.8129, Val Acc: 74.38%
2025-10-07 08:19:25,930 - INFO - Best model saved with validation accuracy: 74.38%
2025-10-07 08:19:25,930 - INFO - Epoch 12/60
2025-10-07 08:19:26,306 - INFO - Train Loss: 0.5560, Train Acc: 82.28%
2025-10-07 08:19:27,785 - INFO - Val Loss: 0.7828, Val Acc: 75.20%
2025-10-07 08:19:27,912 - INFO - Best model saved with validation accuracy: 75.20%
2025-10-07 08:19:27,913 - INFO - Epoch 13/60
2025-10-07 08:19:28,290 - INFO - Train Loss: 0.5013, Train Acc: 83.04%
2025-10-07 08:19:29,819 - INFO - Val Loss: 0.7546, Val Acc: 75.91%
2025-10-07 08:19:29,946 - INFO - Best model saved with validation accuracy: 75.91%
2025-10-07 08:19:29,946 - INFO - Epoch 14/60
2025-10-07 08:19:30,355 - INFO - Train Loss: 0.4788, Train Acc: 84.30%
2025-10-07 08:19:31,871 - INFO - Val Loss: 0.7279, Val Acc: 76.68%
2025-10-07 08:19:32,002 - INFO - Best model saved with validation accuracy: 76.68%
2025-10-07 08:19:32,003 - INFO - Epoch 15/60
2025-10-07 08:19:32,408 - INFO - Train Loss: 0.4906, Train Acc: 84.56%
2025-10-07 08:19:33,931 - INFO - Val Loss: 0.7091, Val Acc: 76.91%
2025-10-07 08:19:34,048 - INFO - Best model saved with validation accuracy: 76.91%
2025-10-07 08:19:34,048 - INFO - Epoch 16/60
2025-10-07 08:19:34,405 - INFO - Train Loss: 0.4738, Train Acc: 85.06%
2025-10-07 08:19:35,898 - INFO - Val Loss: 0.6948, Val Acc: 77.11%
2025-10-07 08:19:36,039 - INFO - Best model saved with validation accuracy: 77.11%
2025-10-07 08:19:36,039 - INFO - Epoch 17/60
2025-10-07 08:19:36,491 - INFO - Train Loss: 0.3916, Train Acc: 86.84%
2025-10-07 08:19:38,038 - INFO - Val Loss: 0.6859, Val Acc: 77.58%
2025-10-07 08:19:38,175 - INFO - Best model saved with validation accuracy: 77.58%
2025-10-07 08:19:38,175 - INFO - Epoch 18/60
2025-10-07 08:19:38,555 - INFO - Train Loss: 0.4031, Train Acc: 85.32%
2025-10-07 08:19:40,051 - INFO - Val Loss: 0.6726, Val Acc: 77.81%
2025-10-07 08:19:40,157 - INFO - Best model saved with validation accuracy: 77.81%
2025-10-07 08:19:40,157 - INFO - Epoch 19/60
2025-10-07 08:19:40,519 - INFO - Train Loss: 0.3805, Train Acc: 87.85%
2025-10-07 08:19:41,993 - INFO - Val Loss: 0.6514, Val Acc: 77.99%
2025-10-07 08:19:42,152 - INFO - Best model saved with validation accuracy: 77.99%
2025-10-07 08:19:42,152 - INFO - Epoch 20/60
2025-10-07 08:19:42,551 - INFO - Train Loss: 0.3552, Train Acc: 87.85%
2025-10-07 08:19:44,075 - INFO - Val Loss: 0.6267, Val Acc: 78.37%
2025-10-07 08:19:44,235 - INFO - Best model saved with validation accuracy: 78.37%
2025-10-07 08:19:44,235 - INFO - Epoch 21/60
2025-10-07 08:19:44,627 - INFO - Train Loss: 0.3362, Train Acc: 88.10%
2025-10-07 08:19:46,183 - INFO - Val Loss: 0.6021, Val Acc: 78.96%
2025-10-07 08:19:46,341 - INFO - Best model saved with validation accuracy: 78.96%
2025-10-07 08:19:46,341 - INFO - Epoch 22/60
2025-10-07 08:19:46,728 - INFO - Train Loss: 0.3405, Train Acc: 86.84%
2025-10-07 08:19:48,258 - INFO - Val Loss: 0.5806, Val Acc: 79.62%
2025-10-07 08:19:48,406 - INFO - Best model saved with validation accuracy: 79.62%
2025-10-07 08:19:48,406 - INFO - Epoch 23/60
2025-10-07 08:19:48,811 - INFO - Train Loss: 0.2888, Train Acc: 89.62%
2025-10-07 08:19:50,364 - INFO - Val Loss: 0.5620, Val Acc: 80.05%
2025-10-07 08:19:50,511 - INFO - Best model saved with validation accuracy: 80.05%
2025-10-07 08:19:50,512 - INFO - Epoch 24/60
2025-10-07 08:19:50,884 - INFO - Train Loss: 0.2612, Train Acc: 90.13%
2025-10-07 08:19:52,421 - INFO - Val Loss: 0.5452, Val Acc: 80.68%
2025-10-07 08:19:52,569 - INFO - Best model saved with validation accuracy: 80.68%
2025-10-07 08:19:52,569 - INFO - Epoch 25/60
2025-10-07 08:19:52,971 - INFO - Train Loss: 0.2627, Train Acc: 89.37%
2025-10-07 08:19:54,467 - INFO - Val Loss: 0.5364, Val Acc: 80.77%
2025-10-07 08:19:54,573 - INFO - Best model saved with validation accuracy: 80.77%
2025-10-07 08:19:54,573 - INFO - Epoch 26/60
2025-10-07 08:19:54,963 - INFO - Train Loss: 0.2543, Train Acc: 90.63%
2025-10-07 08:19:56,451 - INFO - Val Loss: 0.5280, Val Acc: 81.34%
2025-10-07 08:19:56,556 - INFO - Best model saved with validation accuracy: 81.34%
2025-10-07 08:19:56,557 - INFO - Epoch 27/60
2025-10-07 08:19:56,991 - INFO - Train Loss: 0.2267, Train Acc: 92.15%
2025-10-07 08:19:58,608 - INFO - Val Loss: 0.5259, Val Acc: 81.79%
2025-10-07 08:19:58,711 - INFO - Best model saved with validation accuracy: 81.79%
2025-10-07 08:19:58,712 - INFO - Epoch 28/60
2025-10-07 08:19:59,140 - INFO - Train Loss: 0.2192, Train Acc: 91.65%
2025-10-07 08:20:00,696 - INFO - Val Loss: 0.5218, Val Acc: 82.10%
2025-10-07 08:20:00,817 - INFO - Best model saved with validation accuracy: 82.10%
2025-10-07 08:20:00,817 - INFO - Epoch 29/60
2025-10-07 08:20:01,239 - INFO - Train Loss: 0.2034, Train Acc: 91.65%
2025-10-07 08:20:02,858 - INFO - Val Loss: 0.5190, Val Acc: 82.10%
2025-10-07 08:20:02,858 - INFO - No improvement for 1 epoch(s).
2025-10-07 08:20:02,860 - INFO - Epoch 30/60
2025-10-07 08:20:03,217 - INFO - Train Loss: 0.2241, Train Acc: 92.15%
2025-10-07 08:20:04,724 - INFO - Val Loss: 0.5300, Val Acc: 81.63%
2025-10-07 08:20:04,725 - INFO - No improvement for 2 epoch(s).
2025-10-07 08:20:04,726 - INFO - Epoch 31/60
2025-10-07 08:20:05,126 - INFO - Train Loss: 0.2235, Train Acc: 90.38%
2025-10-07 08:20:06,625 - INFO - Val Loss: 0.5307, Val Acc: 81.83%
2025-10-07 08:20:06,625 - INFO - No improvement for 3 epoch(s).
2025-10-07 08:20:06,627 - INFO - Epoch 32/60
2025-10-07 08:20:07,029 - INFO - Train Loss: 0.2452, Train Acc: 90.13%
2025-10-07 08:20:08,822 - INFO - Val Loss: 0.5231, Val Acc: 82.10%
2025-10-07 08:20:08,822 - INFO - No improvement for 4 epoch(s).
2025-10-07 08:20:08,823 - INFO - Epoch 33/60
2025-10-07 08:20:09,579 - INFO - Train Loss: 0.2098, Train Acc: 91.14%
2025-10-07 08:20:11,112 - INFO - Val Loss: 0.5158, Val Acc: 82.63%
2025-10-07 08:20:11,249 - INFO - Best model saved with validation accuracy: 82.63%
2025-10-07 08:20:11,249 - INFO - Epoch 34/60
2025-10-07 08:20:11,677 - INFO - Train Loss: 0.1756, Train Acc: 92.41%
2025-10-07 08:20:13,175 - INFO - Val Loss: 0.5280, Val Acc: 83.49%
2025-10-07 08:20:13,289 - INFO - Best model saved with validation accuracy: 83.49%
2025-10-07 08:20:13,289 - INFO - Epoch 35/60
2025-10-07 08:20:13,672 - INFO - Train Loss: 0.1772, Train Acc: 91.90%
2025-10-07 08:20:15,213 - INFO - Val Loss: 0.5446, Val Acc: 83.78%
2025-10-07 08:20:15,339 - INFO - Best model saved with validation accuracy: 83.78%
2025-10-07 08:20:15,339 - INFO - Epoch 36/60
2025-10-07 08:20:15,695 - INFO - Train Loss: 0.2149, Train Acc: 92.15%
2025-10-07 08:20:17,236 - INFO - Val Loss: 0.5564, Val Acc: 83.85%
2025-10-07 08:20:17,370 - INFO - Best model saved with validation accuracy: 83.85%
2025-10-07 08:20:17,371 - INFO - Epoch 37/60
2025-10-07 08:20:17,769 - INFO - Train Loss: 0.2127, Train Acc: 93.16%
2025-10-07 08:20:19,350 - INFO - Val Loss: 0.5429, Val Acc: 84.04%
2025-10-07 08:20:19,524 - INFO - Best model saved with validation accuracy: 84.04%
2025-10-07 08:20:19,524 - INFO - Epoch 38/60
2025-10-07 08:20:19,907 - INFO - Train Loss: 0.1676, Train Acc: 93.16%
2025-10-07 08:20:21,393 - INFO - Val Loss: 0.5143, Val Acc: 84.19%
2025-10-07 08:20:21,554 - INFO - Best model saved with validation accuracy: 84.19%
2025-10-07 08:20:21,554 - INFO - Epoch 39/60
2025-10-07 08:20:21,954 - INFO - Train Loss: 0.1715, Train Acc: 93.42%
2025-10-07 08:20:23,469 - INFO - Val Loss: 0.4888, Val Acc: 83.73%
2025-10-07 08:20:23,469 - INFO - No improvement for 1 epoch(s).
2025-10-07 08:20:23,469 - INFO - Epoch 40/60
2025-10-07 08:20:23,911 - INFO - Train Loss: 0.1432, Train Acc: 94.43%
2025-10-07 08:20:25,431 - INFO - Val Loss: 0.4790, Val Acc: 83.60%
2025-10-07 08:20:25,431 - INFO - No improvement for 2 epoch(s).
2025-10-07 08:20:25,434 - INFO - Epoch 41/60
2025-10-07 08:20:25,847 - INFO - Train Loss: 0.1505, Train Acc: 95.19%
2025-10-07 08:20:27,433 - INFO - Val Loss: 0.4716, Val Acc: 83.73%
2025-10-07 08:20:27,434 - INFO - No improvement for 3 epoch(s).
2025-10-07 08:20:27,436 - INFO - Epoch 42/60
2025-10-07 08:20:27,841 - INFO - Train Loss: 0.1657, Train Acc: 92.91%
2025-10-07 08:20:29,372 - INFO - Val Loss: 0.4643, Val Acc: 84.23%
2025-10-07 08:20:29,490 - INFO - Best model saved with validation accuracy: 84.23%
2025-10-07 08:20:29,490 - INFO - Epoch 43/60
2025-10-07 08:20:29,879 - INFO - Train Loss: 0.1457, Train Acc: 94.43%
2025-10-07 08:20:31,419 - INFO - Val Loss: 0.4602, Val Acc: 84.86%
2025-10-07 08:20:31,534 - INFO - Best model saved with validation accuracy: 84.86%
2025-10-07 08:20:31,535 - INFO - Epoch 44/60
2025-10-07 08:20:31,900 - INFO - Train Loss: 0.1426, Train Acc: 94.68%
2025-10-07 08:20:33,413 - INFO - Val Loss: 0.4668, Val Acc: 85.30%
2025-10-07 08:20:33,542 - INFO - Best model saved with validation accuracy: 85.30%
2025-10-07 08:20:33,542 - INFO - Epoch 45/60
2025-10-07 08:20:33,993 - INFO - Train Loss: 0.1368, Train Acc: 95.19%
2025-10-07 08:20:35,529 - INFO - Val Loss: 0.4721, Val Acc: 85.27%
2025-10-07 08:20:35,529 - INFO - No improvement for 1 epoch(s).
2025-10-07 08:20:35,531 - INFO - Epoch 46/60
2025-10-07 08:20:35,901 - INFO - Train Loss: 0.1493, Train Acc: 94.94%
2025-10-07 08:20:37,412 - INFO - Val Loss: 0.4735, Val Acc: 85.22%
2025-10-07 08:20:37,412 - INFO - No improvement for 2 epoch(s).
2025-10-07 08:20:37,412 - INFO - Epoch 47/60
2025-10-07 08:20:37,819 - INFO - Train Loss: 0.1372, Train Acc: 95.44%
2025-10-07 08:20:39,364 - INFO - Val Loss: 0.4714, Val Acc: 85.09%
2025-10-07 08:20:39,364 - INFO - No improvement for 3 epoch(s).
2025-10-07 08:20:39,366 - INFO - Epoch 48/60
2025-10-07 08:20:39,750 - INFO - Train Loss: 0.1281, Train Acc: 96.71%
2025-10-07 08:20:41,273 - INFO - Val Loss: 0.4669, Val Acc: 85.06%
2025-10-07 08:20:41,273 - INFO - No improvement for 4 epoch(s).
2025-10-07 08:20:41,274 - INFO - Epoch 49/60
2025-10-07 08:20:41,712 - INFO - Train Loss: 0.1275, Train Acc: 94.94%
2025-10-07 08:20:43,269 - INFO - Val Loss: 0.4639, Val Acc: 85.32%
2025-10-07 08:20:43,403 - INFO - Best model saved with validation accuracy: 85.32%
2025-10-07 08:20:43,403 - INFO - Epoch 50/60
2025-10-07 08:20:43,803 - INFO - Train Loss: 0.1204, Train Acc: 95.95%
2025-10-07 08:20:45,346 - INFO - Val Loss: 0.4594, Val Acc: 85.46%
2025-10-07 08:20:45,471 - INFO - Best model saved with validation accuracy: 85.46%
2025-10-07 08:20:45,472 - INFO - Epoch 51/60
2025-10-07 08:20:45,858 - INFO - Train Loss: 0.1065, Train Acc: 96.20%
2025-10-07 08:20:47,405 - INFO - Val Loss: 0.4566, Val Acc: 85.69%
2025-10-07 08:20:47,530 - INFO - Best model saved with validation accuracy: 85.69%
2025-10-07 08:20:47,530 - INFO - Epoch 52/60
2025-10-07 08:20:47,931 - INFO - Train Loss: 0.1120, Train Acc: 96.20%
2025-10-07 08:20:49,476 - INFO - Val Loss: 0.4558, Val Acc: 85.69%
2025-10-07 08:20:49,476 - INFO - No improvement for 1 epoch(s).
2025-10-07 08:20:49,478 - INFO - Epoch 53/60
2025-10-07 08:20:49,851 - INFO - Train Loss: 0.0989, Train Acc: 97.47%
2025-10-07 08:20:51,382 - INFO - Val Loss: 0.4568, Val Acc: 85.75%
2025-10-07 08:20:51,545 - INFO - Best model saved with validation accuracy: 85.75%
2025-10-07 08:20:51,545 - INFO - Epoch 54/60
2025-10-07 08:20:51,976 - INFO - Train Loss: 0.1018, Train Acc: 97.47%
2025-10-07 08:20:53,610 - INFO - Val Loss: 0.4599, Val Acc: 85.66%
2025-10-07 08:20:53,611 - INFO - No improvement for 1 epoch(s).
2025-10-07 08:20:53,613 - INFO - Epoch 55/60
2025-10-07 08:20:54,058 - INFO - Train Loss: 0.1090, Train Acc: 96.20%
2025-10-07 08:20:55,627 - INFO - Val Loss: 0.4589, Val Acc: 85.61%
2025-10-07 08:20:55,627 - INFO - No improvement for 2 epoch(s).
2025-10-07 08:20:55,629 - INFO - Epoch 56/60
2025-10-07 08:20:56,022 - INFO - Train Loss: 0.0940, Train Acc: 97.97%
2025-10-07 08:20:57,561 - INFO - Val Loss: 0.4631, Val Acc: 85.59%
2025-10-07 08:20:57,561 - INFO - No improvement for 3 epoch(s).
2025-10-07 08:20:57,561 - INFO - Epoch 57/60
2025-10-07 08:20:57,981 - INFO - Train Loss: 0.1033, Train Acc: 96.46%
2025-10-07 08:20:59,515 - INFO - Val Loss: 0.4688, Val Acc: 85.48%
2025-10-07 08:20:59,515 - INFO - No improvement for 4 epoch(s).
2025-10-07 08:20:59,515 - INFO - Epoch 58/60
2025-10-07 08:21:00,017 - INFO - Train Loss: 0.0952, Train Acc: 96.96%
2025-10-07 08:21:01,567 - INFO - Val Loss: 0.4788, Val Acc: 85.61%
2025-10-07 08:21:01,567 - INFO - No improvement for 5 epoch(s).
2025-10-07 08:21:01,568 - INFO - Epoch 59/60
2025-10-07 08:21:01,968 - INFO - Train Loss: 0.0824, Train Acc: 98.23%
2025-10-07 08:21:03,629 - INFO - Val Loss: 0.4893, Val Acc: 85.59%
2025-10-07 08:21:03,630 - INFO - No improvement for 6 epoch(s).
2025-10-07 08:21:03,631 - INFO - Epoch 60/60
2025-10-07 08:21:04,004 - INFO - Train Loss: 0.0844, Train Acc: 97.22%
2025-10-07 08:21:05,515 - INFO - Val Loss: 0.5025, Val Acc: 85.73%
2025-10-07 08:21:05,515 - INFO - No improvement for 7 epoch(s).
2025-10-07 08:21:05,515 - INFO - Early stopping triggered!
2025-10-07 08:21:05,515 - INFO - Fine-tuning completed.
2025-10-07 08:21:05,517 - INFO - Evaluating the fine-tuned model on the test set...
2025-10-07 08:21:07,032 - INFO - Test Accuracy: 85.65%
2025-10-07 08:21:07,053 - INFO - Classification Report:
              precision    recall  f1-score   support

        bike       0.91      0.82      0.86      2710
         bus       0.92      0.89      0.90      3609
         car       0.67      0.78      0.72      2309
       train       0.78      0.72      0.75      2620
        walk       0.93      0.97      0.95      4650

    accuracy                           0.86     15898
   macro avg       0.84      0.83      0.84     15898
weighted avg       0.86      0.86      0.86     15898

2025-10-07 08:21:07,164 - INFO - Evaluation completed. Fine-tuning script finished successfully.
2025-10-07 08:25:49,412 - INFO - Initializing DataHandler for fine-tuning...
2025-10-07 08:25:49,412 - INFO - Loading and processing the data...
2025-10-07 08:26:02,488 - INFO - Data loaded and processed successfully.
2025-10-07 08:26:02,488 - INFO - Loading scaler from /data/A-SpeedTransformer/models/lstm/experiments/mobis_lstm_sweeps/mobis_lr5e-4_bs128_h256_l3_do0.1/scaler.joblib...
2025-10-07 08:26:02,492 - INFO - Scaler overwritten with saved scaler.
2025-10-07 08:26:02,492 - INFO - Loading label encoder from /data/A-SpeedTransformer/models/lstm/experiments/mobis_lstm_sweeps/mobis_lr5e-4_bs128_h256_l3_do0.1/label_encoder.joblib...
2025-10-07 08:26:02,494 - INFO - Label encoder overwritten with saved encoder.
2025-10-07 08:26:02,494 - INFO - Re-building datasets using the loaded scaler/encoder...
2025-10-07 08:26:11,509 - INFO - Sequences re-created successfully.
2025-10-07 08:26:11,509 - INFO - DataLoaders for train, val, and test are ready.
2025-10-07 08:26:11,511 - INFO - Initializing LSTM model for fine-tuning...
2025-10-07 08:26:11,627 - INFO - Using device: cuda
2025-10-07 08:26:11,627 - INFO - Loading pretrained model state dict from /data/A-SpeedTransformer/models/lstm/experiments/mobis_lstm_sweeps/mobis_lr5e-4_bs128_h256_l3_do0.1/best_model.pth...
2025-10-07 08:26:11,883 - INFO - Inferred hyperparameters from pretrained model:
2025-10-07 08:26:11,883 - INFO -   Hidden size: 256 (arg: 256)
2025-10-07 08:26:11,883 - INFO -   Num layers: 3 (arg: 2)
2025-10-07 08:26:11,883 - INFO -   Using inferred values to ensure compatibility
2025-10-07 08:26:11,951 - INFO - Loading pretrained model weights...
2025-10-07 08:26:11,952 - INFO - Pretrained model weights loaded successfully.
2025-10-07 08:26:16,085 - INFO - Optimizer re-initialized for fine-tuning.
2025-10-07 08:26:16,086 - INFO - Starting fine-tuning for up to 60 epochs...
2025-10-07 08:26:16,087 - INFO - Epoch 1/60
2025-10-07 08:26:17,040 - INFO - Train Loss: 1.2784, Train Acc: 64.24%
2025-10-07 08:26:18,569 - INFO - Val Loss: 1.2030, Val Acc: 67.78%
2025-10-07 08:26:18,688 - INFO - Best model saved with validation accuracy: 67.78%
2025-10-07 08:26:18,688 - INFO - Epoch 2/60
2025-10-07 08:26:19,230 - INFO - Train Loss: 1.0376, Train Acc: 68.69%
2025-10-07 08:26:20,762 - INFO - Val Loss: 1.0441, Val Acc: 69.66%
2025-10-07 08:26:20,884 - INFO - Best model saved with validation accuracy: 69.66%
2025-10-07 08:26:20,884 - INFO - Epoch 3/60
2025-10-07 08:26:21,459 - INFO - Train Loss: 0.8753, Train Acc: 72.85%
2025-10-07 08:26:22,984 - INFO - Val Loss: 0.9796, Val Acc: 70.04%
2025-10-07 08:26:23,100 - INFO - Best model saved with validation accuracy: 70.04%
2025-10-07 08:26:23,101 - INFO - Epoch 4/60
2025-10-07 08:26:23,659 - INFO - Train Loss: 0.8051, Train Acc: 75.07%
2025-10-07 08:26:25,180 - INFO - Val Loss: 0.9112, Val Acc: 71.84%
2025-10-07 08:26:25,298 - INFO - Best model saved with validation accuracy: 71.84%
2025-10-07 08:26:25,298 - INFO - Epoch 5/60
2025-10-07 08:26:25,855 - INFO - Train Loss: 0.7302, Train Acc: 77.00%
2025-10-07 08:26:27,435 - INFO - Val Loss: 0.8373, Val Acc: 74.55%
2025-10-07 08:26:27,572 - INFO - Best model saved with validation accuracy: 74.55%
2025-10-07 08:26:27,572 - INFO - Epoch 6/60
2025-10-07 08:26:28,126 - INFO - Train Loss: 0.6537, Train Acc: 78.64%
2025-10-07 08:26:29,681 - INFO - Val Loss: 0.7765, Val Acc: 76.39%
2025-10-07 08:26:29,792 - INFO - Best model saved with validation accuracy: 76.39%
2025-10-07 08:26:29,792 - INFO - Epoch 7/60
2025-10-07 08:26:30,336 - INFO - Train Loss: 0.5821, Train Acc: 81.75%
2025-10-07 08:26:31,844 - INFO - Val Loss: 0.7277, Val Acc: 77.94%
2025-10-07 08:26:31,947 - INFO - Best model saved with validation accuracy: 77.94%
2025-10-07 08:26:31,947 - INFO - Epoch 8/60
2025-10-07 08:26:32,497 - INFO - Train Loss: 0.5404, Train Acc: 82.34%
2025-10-07 08:26:34,011 - INFO - Val Loss: 0.6808, Val Acc: 78.95%
2025-10-07 08:26:34,136 - INFO - Best model saved with validation accuracy: 78.95%
2025-10-07 08:26:34,136 - INFO - Epoch 9/60
2025-10-07 08:26:34,705 - INFO - Train Loss: 0.4885, Train Acc: 83.53%
2025-10-07 08:26:36,226 - INFO - Val Loss: 0.6379, Val Acc: 79.81%
2025-10-07 08:26:36,414 - INFO - Best model saved with validation accuracy: 79.81%
2025-10-07 08:26:36,414 - INFO - Epoch 10/60
2025-10-07 08:26:36,997 - INFO - Train Loss: 0.4645, Train Acc: 84.12%
2025-10-07 08:26:38,593 - INFO - Val Loss: 0.6013, Val Acc: 80.43%
2025-10-07 08:26:38,752 - INFO - Best model saved with validation accuracy: 80.43%
2025-10-07 08:26:38,752 - INFO - Epoch 11/60
2025-10-07 08:26:39,293 - INFO - Train Loss: 0.4348, Train Acc: 85.46%
2025-10-07 08:26:40,873 - INFO - Val Loss: 0.5637, Val Acc: 81.23%
2025-10-07 08:26:41,051 - INFO - Best model saved with validation accuracy: 81.23%
2025-10-07 08:26:41,052 - INFO - Epoch 12/60
2025-10-07 08:26:41,608 - INFO - Train Loss: 0.3897, Train Acc: 86.35%
2025-10-07 08:26:43,119 - INFO - Val Loss: 0.5244, Val Acc: 82.07%
2025-10-07 08:26:43,333 - INFO - Best model saved with validation accuracy: 82.07%
2025-10-07 08:26:43,334 - INFO - Epoch 13/60
2025-10-07 08:26:43,897 - INFO - Train Loss: 0.3365, Train Acc: 87.54%
2025-10-07 08:26:45,448 - INFO - Val Loss: 0.4828, Val Acc: 83.43%
2025-10-07 08:26:45,577 - INFO - Best model saved with validation accuracy: 83.43%
2025-10-07 08:26:45,577 - INFO - Epoch 14/60
2025-10-07 08:26:46,153 - INFO - Train Loss: 0.2929, Train Acc: 88.43%
2025-10-07 08:26:47,673 - INFO - Val Loss: 0.4580, Val Acc: 84.58%
2025-10-07 08:26:47,820 - INFO - Best model saved with validation accuracy: 84.58%
2025-10-07 08:26:47,821 - INFO - Epoch 15/60
2025-10-07 08:26:48,413 - INFO - Train Loss: 0.2739, Train Acc: 89.76%
2025-10-07 08:26:49,932 - INFO - Val Loss: 0.4549, Val Acc: 84.90%
2025-10-07 08:26:50,052 - INFO - Best model saved with validation accuracy: 84.90%
2025-10-07 08:26:50,053 - INFO - Epoch 16/60
2025-10-07 08:26:50,642 - INFO - Train Loss: 0.2552, Train Acc: 90.50%
2025-10-07 08:26:52,151 - INFO - Val Loss: 0.4417, Val Acc: 85.53%
2025-10-07 08:26:52,293 - INFO - Best model saved with validation accuracy: 85.53%
2025-10-07 08:26:52,294 - INFO - Epoch 17/60
2025-10-07 08:26:52,881 - INFO - Train Loss: 0.2477, Train Acc: 91.54%
2025-10-07 08:26:54,402 - INFO - Val Loss: 0.4393, Val Acc: 85.51%
2025-10-07 08:26:54,403 - INFO - No improvement for 1 epoch(s).
2025-10-07 08:26:54,404 - INFO - Epoch 18/60
2025-10-07 08:26:54,957 - INFO - Train Loss: 0.2303, Train Acc: 92.43%
2025-10-07 08:26:56,484 - INFO - Val Loss: 0.4346, Val Acc: 85.72%
2025-10-07 08:26:56,615 - INFO - Best model saved with validation accuracy: 85.72%
2025-10-07 08:26:56,616 - INFO - Epoch 19/60
2025-10-07 08:26:57,182 - INFO - Train Loss: 0.2194, Train Acc: 92.28%
2025-10-07 08:26:58,733 - INFO - Val Loss: 0.4228, Val Acc: 86.27%
2025-10-07 08:26:58,861 - INFO - Best model saved with validation accuracy: 86.27%
2025-10-07 08:26:58,861 - INFO - Epoch 20/60
2025-10-07 08:26:59,419 - INFO - Train Loss: 0.2039, Train Acc: 92.43%
2025-10-07 08:27:00,954 - INFO - Val Loss: 0.4127, Val Acc: 86.79%
2025-10-07 08:27:01,093 - INFO - Best model saved with validation accuracy: 86.79%
2025-10-07 08:27:01,093 - INFO - Epoch 21/60
2025-10-07 08:27:01,639 - INFO - Train Loss: 0.2010, Train Acc: 92.28%
2025-10-07 08:27:03,174 - INFO - Val Loss: 0.4073, Val Acc: 86.96%
2025-10-07 08:27:03,310 - INFO - Best model saved with validation accuracy: 86.96%
2025-10-07 08:27:03,310 - INFO - Epoch 22/60
2025-10-07 08:27:03,874 - INFO - Train Loss: 0.1793, Train Acc: 92.73%
2025-10-07 08:27:05,424 - INFO - Val Loss: 0.4028, Val Acc: 87.17%
2025-10-07 08:27:05,549 - INFO - Best model saved with validation accuracy: 87.17%
2025-10-07 08:27:05,549 - INFO - Epoch 23/60
2025-10-07 08:27:06,112 - INFO - Train Loss: 0.1843, Train Acc: 93.18%
2025-10-07 08:27:07,637 - INFO - Val Loss: 0.4033, Val Acc: 87.43%
2025-10-07 08:27:07,778 - INFO - Best model saved with validation accuracy: 87.43%
2025-10-07 08:27:07,778 - INFO - Epoch 24/60
2025-10-07 08:27:08,376 - INFO - Train Loss: 0.1833, Train Acc: 92.58%
2025-10-07 08:27:09,983 - INFO - Val Loss: 0.4094, Val Acc: 87.38%
2025-10-07 08:27:09,983 - INFO - No improvement for 1 epoch(s).
2025-10-07 08:27:09,985 - INFO - Epoch 25/60
2025-10-07 08:27:10,553 - INFO - Train Loss: 0.1755, Train Acc: 93.18%
2025-10-07 08:27:12,137 - INFO - Val Loss: 0.4225, Val Acc: 87.01%
2025-10-07 08:27:12,137 - INFO - No improvement for 2 epoch(s).
2025-10-07 08:27:12,138 - INFO - Epoch 26/60
2025-10-07 08:27:12,728 - INFO - Train Loss: 0.1752, Train Acc: 93.77%
2025-10-07 08:27:14,270 - INFO - Val Loss: 0.4261, Val Acc: 87.16%
2025-10-07 08:27:14,270 - INFO - No improvement for 3 epoch(s).
2025-10-07 08:27:14,272 - INFO - Epoch 27/60
2025-10-07 08:27:14,843 - INFO - Train Loss: 0.1779, Train Acc: 93.32%
2025-10-07 08:27:16,385 - INFO - Val Loss: 0.4183, Val Acc: 87.45%
2025-10-07 08:27:16,605 - INFO - Best model saved with validation accuracy: 87.45%
2025-10-07 08:27:16,605 - INFO - Epoch 28/60
2025-10-07 08:27:17,193 - INFO - Train Loss: 0.1614, Train Acc: 94.51%
2025-10-07 08:27:18,741 - INFO - Val Loss: 0.4115, Val Acc: 87.66%
2025-10-07 08:27:18,875 - INFO - Best model saved with validation accuracy: 87.66%
2025-10-07 08:27:18,875 - INFO - Epoch 29/60
2025-10-07 08:27:19,502 - INFO - Train Loss: 0.1656, Train Acc: 93.62%
2025-10-07 08:27:21,071 - INFO - Val Loss: 0.4122, Val Acc: 87.70%
2025-10-07 08:27:21,205 - INFO - Best model saved with validation accuracy: 87.70%
2025-10-07 08:27:21,206 - INFO - Epoch 30/60
2025-10-07 08:27:21,784 - INFO - Train Loss: 0.1683, Train Acc: 93.32%
2025-10-07 08:27:23,392 - INFO - Val Loss: 0.4104, Val Acc: 87.67%
2025-10-07 08:27:23,393 - INFO - No improvement for 1 epoch(s).
2025-10-07 08:27:23,393 - INFO - Epoch 31/60
2025-10-07 08:27:23,958 - INFO - Train Loss: 0.1567, Train Acc: 94.07%
2025-10-07 08:27:25,517 - INFO - Val Loss: 0.4145, Val Acc: 87.47%
2025-10-07 08:27:25,517 - INFO - No improvement for 2 epoch(s).
2025-10-07 08:27:25,517 - INFO - Epoch 32/60
2025-10-07 08:27:26,065 - INFO - Train Loss: 0.1561, Train Acc: 93.92%
2025-10-07 08:27:27,615 - INFO - Val Loss: 0.4204, Val Acc: 87.12%
2025-10-07 08:27:27,615 - INFO - No improvement for 3 epoch(s).
2025-10-07 08:27:27,616 - INFO - Epoch 33/60
2025-10-07 08:27:28,210 - INFO - Train Loss: 0.1549, Train Acc: 93.77%
2025-10-07 08:27:29,825 - INFO - Val Loss: 0.4200, Val Acc: 87.40%
2025-10-07 08:27:29,825 - INFO - No improvement for 4 epoch(s).
2025-10-07 08:27:29,825 - INFO - Epoch 34/60
2025-10-07 08:27:30,396 - INFO - Train Loss: 0.1520, Train Acc: 94.07%
2025-10-07 08:27:32,012 - INFO - Val Loss: 0.4231, Val Acc: 87.51%
2025-10-07 08:27:32,012 - INFO - No improvement for 5 epoch(s).
2025-10-07 08:27:32,014 - INFO - Epoch 35/60
2025-10-07 08:27:32,556 - INFO - Train Loss: 0.1504, Train Acc: 93.92%
2025-10-07 08:27:34,231 - INFO - Val Loss: 0.4290, Val Acc: 87.41%
2025-10-07 08:27:34,231 - INFO - No improvement for 6 epoch(s).
2025-10-07 08:27:34,233 - INFO - Epoch 36/60
2025-10-07 08:27:34,832 - INFO - Train Loss: 0.1407, Train Acc: 94.21%
2025-10-07 08:27:36,385 - INFO - Val Loss: 0.4319, Val Acc: 87.32%
2025-10-07 08:27:36,386 - INFO - No improvement for 7 epoch(s).
2025-10-07 08:27:36,387 - INFO - Early stopping triggered!
2025-10-07 08:27:36,387 - INFO - Fine-tuning completed.
2025-10-07 08:27:36,387 - INFO - Evaluating the fine-tuned model on the test set...
2025-10-07 08:27:37,877 - INFO - Test Accuracy: 87.31%
2025-10-07 08:27:37,907 - INFO - Classification Report:
              precision    recall  f1-score   support

        bike       0.90      0.88      0.89      2704
         bus       0.96      0.88      0.92      3661
         car       0.69      0.83      0.75      2285
       train       0.81      0.69      0.74      2295
        walk       0.93      0.98      0.96      4480

    accuracy                           0.87     15425
   macro avg       0.86      0.85      0.85     15425
weighted avg       0.88      0.87      0.87     15425

2025-10-07 08:27:38,065 - INFO - Evaluation completed. Fine-tuning script finished successfully.
2025-10-07 08:46:04,342 - INFO - Initializing DataHandler for fine-tuning...
2025-10-07 08:46:04,342 - INFO - Loading and processing the data...
2025-10-07 08:46:16,649 - INFO - Data loaded and processed successfully.
2025-10-07 08:46:16,649 - INFO - Loading scaler from /data/A-SpeedTransformer/models/lstm/experiments/mobis_lstm_sweeps/mobis_lr5e-4_bs128_h256_l3_do0.1/scaler.joblib...
2025-10-07 08:46:16,655 - INFO - Scaler overwritten with saved scaler.
2025-10-07 08:46:16,655 - INFO - Loading label encoder from /data/A-SpeedTransformer/models/lstm/experiments/mobis_lstm_sweeps/mobis_lr5e-4_bs128_h256_l3_do0.1/label_encoder.joblib...
2025-10-07 08:46:16,660 - INFO - Label encoder overwritten with saved encoder.
2025-10-07 08:46:16,660 - INFO - Re-building datasets using the loaded scaler/encoder...
2025-10-07 08:46:25,635 - INFO - Sequences re-created successfully.
2025-10-07 08:46:25,635 - INFO - DataLoaders for train, val, and test are ready.
2025-10-07 08:46:25,637 - INFO - Initializing LSTM model for fine-tuning...
2025-10-07 08:46:25,748 - INFO - Using device: cuda
2025-10-07 08:46:25,749 - INFO - Loading pretrained model state dict from /data/A-SpeedTransformer/models/lstm/experiments/mobis_lstm_sweeps/mobis_lr5e-4_bs128_h256_l3_do0.1/best_model.pth...
2025-10-07 08:46:26,003 - INFO - Inferred hyperparameters from pretrained model:
2025-10-07 08:46:26,004 - INFO -   Hidden size: 256 (arg: 256)
2025-10-07 08:46:26,004 - INFO -   Num layers: 3 (arg: 2)
2025-10-07 08:46:26,004 - INFO -   Using inferred values to ensure compatibility
2025-10-07 08:46:26,078 - INFO - Loading pretrained model weights...
2025-10-07 08:46:26,079 - INFO - Pretrained model weights loaded successfully.
2025-10-07 08:46:30,874 - INFO - Optimizer re-initialized for fine-tuning.
2025-10-07 08:46:30,877 - INFO - Starting fine-tuning for up to 40 epochs...
2025-10-07 08:46:30,877 - INFO - Epoch 1/40
2025-10-07 08:46:31,719 - INFO - Train Loss: 1.2243, Train Acc: 70.89%
2025-10-07 08:46:33,883 - INFO - Val Loss: 1.3688, Val Acc: 64.16%
2025-10-07 08:46:34,013 - INFO - Best model saved with validation accuracy: 64.16%
2025-10-07 08:46:34,013 - INFO - Epoch 2/40
2025-10-07 08:46:34,378 - INFO - Train Loss: 1.1176, Train Acc: 70.38%
2025-10-07 08:46:36,270 - INFO - Val Loss: 1.2947, Val Acc: 65.72%
2025-10-07 08:46:36,391 - INFO - Best model saved with validation accuracy: 65.72%
2025-10-07 08:46:36,392 - INFO - Epoch 3/40
2025-10-07 08:46:36,791 - INFO - Train Loss: 1.0438, Train Acc: 72.91%
2025-10-07 08:46:39,284 - INFO - Val Loss: 1.2283, Val Acc: 67.52%
2025-10-07 08:46:39,432 - INFO - Best model saved with validation accuracy: 67.52%
2025-10-07 08:46:39,433 - INFO - Epoch 4/40
2025-10-07 08:46:39,811 - INFO - Train Loss: 1.1140, Train Acc: 72.15%
2025-10-07 08:46:42,171 - INFO - Val Loss: 1.1714, Val Acc: 68.63%
2025-10-07 08:46:42,307 - INFO - Best model saved with validation accuracy: 68.63%
2025-10-07 08:46:42,307 - INFO - Epoch 5/40
2025-10-07 08:46:42,715 - INFO - Train Loss: 0.9580, Train Acc: 72.91%
2025-10-07 08:46:44,766 - INFO - Val Loss: 1.1252, Val Acc: 69.11%
2025-10-07 08:46:44,942 - INFO - Best model saved with validation accuracy: 69.11%
2025-10-07 08:46:44,942 - INFO - Epoch 6/40
2025-10-07 08:46:45,309 - INFO - Train Loss: 0.9929, Train Acc: 71.65%
2025-10-07 08:46:47,403 - INFO - Val Loss: 1.0863, Val Acc: 69.45%
2025-10-07 08:46:47,528 - INFO - Best model saved with validation accuracy: 69.45%
2025-10-07 08:46:47,528 - INFO - Epoch 7/40
2025-10-07 08:46:47,922 - INFO - Train Loss: 0.9836, Train Acc: 71.90%
2025-10-07 08:46:49,946 - INFO - Val Loss: 1.0519, Val Acc: 70.09%
2025-10-07 08:46:50,058 - INFO - Best model saved with validation accuracy: 70.09%
2025-10-07 08:46:50,058 - INFO - Epoch 8/40
2025-10-07 08:46:50,503 - INFO - Train Loss: 0.8480, Train Acc: 71.90%
2025-10-07 08:46:52,706 - INFO - Val Loss: 1.0185, Val Acc: 70.81%
2025-10-07 08:46:52,900 - INFO - Best model saved with validation accuracy: 70.81%
2025-10-07 08:46:52,900 - INFO - Epoch 9/40
2025-10-07 08:46:53,259 - INFO - Train Loss: 0.8566, Train Acc: 75.19%
2025-10-07 08:46:55,218 - INFO - Val Loss: 0.9909, Val Acc: 71.54%
2025-10-07 08:46:55,353 - INFO - Best model saved with validation accuracy: 71.54%
2025-10-07 08:46:55,353 - INFO - Epoch 10/40
2025-10-07 08:46:55,753 - INFO - Train Loss: 0.7826, Train Acc: 77.97%
2025-10-07 08:46:57,943 - INFO - Val Loss: 0.9642, Val Acc: 72.12%
2025-10-07 08:46:58,061 - INFO - Best model saved with validation accuracy: 72.12%
2025-10-07 08:46:58,061 - INFO - Epoch 11/40
2025-10-07 08:46:58,431 - INFO - Train Loss: 0.8082, Train Acc: 76.96%
2025-10-07 08:47:00,527 - INFO - Val Loss: 0.9380, Val Acc: 72.67%
2025-10-07 08:47:00,639 - INFO - Best model saved with validation accuracy: 72.67%
2025-10-07 08:47:00,639 - INFO - Epoch 12/40
2025-10-07 08:47:01,015 - INFO - Train Loss: 0.7435, Train Acc: 78.23%
2025-10-07 08:47:03,086 - INFO - Val Loss: 0.9134, Val Acc: 73.10%
2025-10-07 08:47:03,217 - INFO - Best model saved with validation accuracy: 73.10%
2025-10-07 08:47:03,217 - INFO - Epoch 13/40
2025-10-07 08:47:03,593 - INFO - Train Loss: 0.7376, Train Acc: 77.97%
2025-10-07 08:47:05,761 - INFO - Val Loss: 0.8929, Val Acc: 73.43%
2025-10-07 08:47:05,885 - INFO - Best model saved with validation accuracy: 73.43%
2025-10-07 08:47:05,885 - INFO - Epoch 14/40
2025-10-07 08:47:06,242 - INFO - Train Loss: 0.7483, Train Acc: 77.47%
2025-10-07 08:47:08,340 - INFO - Val Loss: 0.8704, Val Acc: 73.86%
2025-10-07 08:47:08,536 - INFO - Best model saved with validation accuracy: 73.86%
2025-10-07 08:47:08,537 - INFO - Epoch 15/40
2025-10-07 08:47:08,987 - INFO - Train Loss: 0.7287, Train Acc: 78.73%
2025-10-07 08:47:11,080 - INFO - Val Loss: 0.8480, Val Acc: 74.31%
2025-10-07 08:47:11,289 - INFO - Best model saved with validation accuracy: 74.31%
2025-10-07 08:47:11,290 - INFO - Epoch 16/40
2025-10-07 08:47:11,707 - INFO - Train Loss: 0.6904, Train Acc: 78.73%
2025-10-07 08:47:13,993 - INFO - Val Loss: 0.8227, Val Acc: 74.72%
2025-10-07 08:47:14,118 - INFO - Best model saved with validation accuracy: 74.72%
2025-10-07 08:47:14,118 - INFO - Epoch 17/40
2025-10-07 08:47:14,490 - INFO - Train Loss: 0.6522, Train Acc: 81.01%
2025-10-07 08:47:16,381 - INFO - Val Loss: 0.7992, Val Acc: 75.27%
2025-10-07 08:47:16,505 - INFO - Best model saved with validation accuracy: 75.27%
2025-10-07 08:47:16,505 - INFO - Epoch 18/40
2025-10-07 08:47:16,992 - INFO - Train Loss: 0.6402, Train Acc: 80.00%
2025-10-07 08:47:19,252 - INFO - Val Loss: 0.7809, Val Acc: 75.57%
2025-10-07 08:47:19,373 - INFO - Best model saved with validation accuracy: 75.57%
2025-10-07 08:47:19,373 - INFO - Epoch 19/40
2025-10-07 08:47:19,775 - INFO - Train Loss: 0.5964, Train Acc: 81.27%
2025-10-07 08:47:21,695 - INFO - Val Loss: 0.7635, Val Acc: 75.98%
2025-10-07 08:47:21,838 - INFO - Best model saved with validation accuracy: 75.98%
2025-10-07 08:47:21,838 - INFO - Epoch 20/40
2025-10-07 08:47:22,219 - INFO - Train Loss: 0.5939, Train Acc: 80.25%
2025-10-07 08:47:24,121 - INFO - Val Loss: 0.7479, Val Acc: 76.48%
2025-10-07 08:47:24,245 - INFO - Best model saved with validation accuracy: 76.48%
2025-10-07 08:47:24,246 - INFO - Epoch 21/40
2025-10-07 08:47:24,680 - INFO - Train Loss: 0.5755, Train Acc: 81.52%
2025-10-07 08:47:27,081 - INFO - Val Loss: 0.7334, Val Acc: 76.85%
2025-10-07 08:47:27,201 - INFO - Best model saved with validation accuracy: 76.85%
2025-10-07 08:47:27,201 - INFO - Epoch 22/40
2025-10-07 08:47:27,609 - INFO - Train Loss: 0.6009, Train Acc: 81.52%
2025-10-07 08:47:29,776 - INFO - Val Loss: 0.7201, Val Acc: 77.01%
2025-10-07 08:47:29,931 - INFO - Best model saved with validation accuracy: 77.01%
2025-10-07 08:47:29,931 - INFO - Epoch 23/40
2025-10-07 08:47:30,362 - INFO - Train Loss: 0.5404, Train Acc: 83.54%
2025-10-07 08:47:32,509 - INFO - Val Loss: 0.7056, Val Acc: 77.26%
2025-10-07 08:47:32,622 - INFO - Best model saved with validation accuracy: 77.26%
2025-10-07 08:47:32,623 - INFO - Epoch 24/40
2025-10-07 08:47:33,044 - INFO - Train Loss: 0.5500, Train Acc: 81.01%
2025-10-07 08:47:34,969 - INFO - Val Loss: 0.6911, Val Acc: 77.59%
2025-10-07 08:47:35,081 - INFO - Best model saved with validation accuracy: 77.59%
2025-10-07 08:47:35,081 - INFO - Epoch 25/40
2025-10-07 08:47:35,466 - INFO - Train Loss: 0.4833, Train Acc: 82.78%
2025-10-07 08:47:37,334 - INFO - Val Loss: 0.6748, Val Acc: 77.97%
2025-10-07 08:47:37,465 - INFO - Best model saved with validation accuracy: 77.97%
2025-10-07 08:47:37,465 - INFO - Epoch 26/40
2025-10-07 08:47:37,817 - INFO - Train Loss: 0.5213, Train Acc: 82.78%
2025-10-07 08:47:40,090 - INFO - Val Loss: 0.6605, Val Acc: 78.28%
2025-10-07 08:47:40,230 - INFO - Best model saved with validation accuracy: 78.28%
2025-10-07 08:47:40,230 - INFO - Epoch 27/40
2025-10-07 08:47:40,673 - INFO - Train Loss: 0.5181, Train Acc: 81.77%
2025-10-07 08:47:42,849 - INFO - Val Loss: 0.6485, Val Acc: 78.55%
2025-10-07 08:47:42,981 - INFO - Best model saved with validation accuracy: 78.55%
2025-10-07 08:47:42,981 - INFO - Epoch 28/40
2025-10-07 08:47:43,438 - INFO - Train Loss: 0.4696, Train Acc: 83.54%
2025-10-07 08:47:45,480 - INFO - Val Loss: 0.6390, Val Acc: 78.62%
2025-10-07 08:47:45,619 - INFO - Best model saved with validation accuracy: 78.62%
2025-10-07 08:47:45,620 - INFO - Epoch 29/40
2025-10-07 08:47:46,007 - INFO - Train Loss: 0.4832, Train Acc: 84.05%
2025-10-07 08:47:48,087 - INFO - Val Loss: 0.6300, Val Acc: 78.69%
2025-10-07 08:47:48,223 - INFO - Best model saved with validation accuracy: 78.69%
2025-10-07 08:47:48,224 - INFO - Epoch 30/40
2025-10-07 08:47:48,565 - INFO - Train Loss: 0.4237, Train Acc: 84.56%
2025-10-07 08:47:50,451 - INFO - Val Loss: 0.6192, Val Acc: 78.85%
2025-10-07 08:47:50,613 - INFO - Best model saved with validation accuracy: 78.85%
2025-10-07 08:47:50,614 - INFO - Epoch 31/40
2025-10-07 08:47:50,986 - INFO - Train Loss: 0.4424, Train Acc: 85.82%
2025-10-07 08:47:52,883 - INFO - Val Loss: 0.6063, Val Acc: 78.96%
2025-10-07 08:47:53,022 - INFO - Best model saved with validation accuracy: 78.96%
2025-10-07 08:47:53,023 - INFO - Epoch 32/40
2025-10-07 08:47:53,394 - INFO - Train Loss: 0.4854, Train Acc: 85.57%
2025-10-07 08:47:55,563 - INFO - Val Loss: 0.5975, Val Acc: 78.92%
2025-10-07 08:47:55,563 - INFO - No improvement for 1 epoch(s).
2025-10-07 08:47:55,563 - INFO - Epoch 33/40
2025-10-07 08:47:55,952 - INFO - Train Loss: 0.4197, Train Acc: 84.30%
2025-10-07 08:47:57,996 - INFO - Val Loss: 0.5878, Val Acc: 79.08%
2025-10-07 08:47:58,136 - INFO - Best model saved with validation accuracy: 79.08%
2025-10-07 08:47:58,136 - INFO - Epoch 34/40
2025-10-07 08:47:58,535 - INFO - Train Loss: 0.4192, Train Acc: 86.33%
2025-10-07 08:48:00,451 - INFO - Val Loss: 0.5752, Val Acc: 79.27%
2025-10-07 08:48:00,576 - INFO - Best model saved with validation accuracy: 79.27%
2025-10-07 08:48:00,577 - INFO - Epoch 35/40
2025-10-07 08:48:00,992 - INFO - Train Loss: 0.3982, Train Acc: 85.82%
2025-10-07 08:48:02,900 - INFO - Val Loss: 0.5611, Val Acc: 79.61%
2025-10-07 08:48:03,033 - INFO - Best model saved with validation accuracy: 79.61%
2025-10-07 08:48:03,033 - INFO - Epoch 36/40
2025-10-07 08:48:03,413 - INFO - Train Loss: 0.3857, Train Acc: 87.34%
2025-10-07 08:48:05,273 - INFO - Val Loss: 0.5441, Val Acc: 80.10%
2025-10-07 08:48:05,378 - INFO - Best model saved with validation accuracy: 80.10%
2025-10-07 08:48:05,378 - INFO - Epoch 37/40
2025-10-07 08:48:05,699 - INFO - Train Loss: 0.3448, Train Acc: 87.34%
2025-10-07 08:48:07,649 - INFO - Val Loss: 0.5331, Val Acc: 80.37%
2025-10-07 08:48:07,956 - INFO - Best model saved with validation accuracy: 80.37%
2025-10-07 08:48:07,957 - INFO - Epoch 38/40
2025-10-07 08:48:08,402 - INFO - Train Loss: 0.3328, Train Acc: 87.85%
2025-10-07 08:48:10,603 - INFO - Val Loss: 0.5245, Val Acc: 80.55%
2025-10-07 08:48:10,769 - INFO - Best model saved with validation accuracy: 80.55%
2025-10-07 08:48:10,769 - INFO - Epoch 39/40
2025-10-07 08:48:11,160 - INFO - Train Loss: 0.3619, Train Acc: 88.10%
2025-10-07 08:48:13,125 - INFO - Val Loss: 0.5137, Val Acc: 80.84%
2025-10-07 08:48:13,234 - INFO - Best model saved with validation accuracy: 80.84%
2025-10-07 08:48:13,234 - INFO - Epoch 40/40
2025-10-07 08:48:13,593 - INFO - Train Loss: 0.3398, Train Acc: 89.37%
2025-10-07 08:48:15,495 - INFO - Val Loss: 0.5020, Val Acc: 81.22%
2025-10-07 08:48:15,622 - INFO - Best model saved with validation accuracy: 81.22%
2025-10-07 08:48:15,623 - INFO - Fine-tuning completed.
2025-10-07 08:48:15,623 - INFO - Evaluating the fine-tuned model on the test set...
2025-10-07 08:48:17,611 - INFO - Test Accuracy: 80.49%
2025-10-07 08:48:17,633 - INFO - Classification Report:
              precision    recall  f1-score   support

        bike       0.83      0.74      0.78      2710
         bus       0.92      0.88      0.90      3609
         car       0.53      0.78      0.63      2309
       train       0.72      0.55      0.63      2620
        walk       0.93      0.94      0.94      4650

    accuracy                           0.80     15898
   macro avg       0.79      0.78      0.78     15898
weighted avg       0.82      0.80      0.81     15898

2025-10-07 08:48:17,744 - INFO - Evaluation completed. Fine-tuning script finished successfully.
2025-10-07 08:52:59,837 - INFO - Initializing DataHandler for fine-tuning...
2025-10-07 08:52:59,838 - INFO - Loading and processing the data...
2025-10-07 08:53:13,232 - INFO - Data loaded and processed successfully.
2025-10-07 08:53:13,233 - INFO - Loading scaler from /data/A-SpeedTransformer/models/lstm/experiments/mobis_lstm_sweeps/mobis_lr5e-4_bs128_h256_l3_do0.1/scaler.joblib...
2025-10-07 08:53:13,241 - INFO - Scaler overwritten with saved scaler.
2025-10-07 08:53:13,241 - INFO - Loading label encoder from /data/A-SpeedTransformer/models/lstm/experiments/mobis_lstm_sweeps/mobis_lr5e-4_bs128_h256_l3_do0.1/label_encoder.joblib...
2025-10-07 08:53:13,247 - INFO - Label encoder overwritten with saved encoder.
2025-10-07 08:53:13,247 - INFO - Re-building datasets using the loaded scaler/encoder...
2025-10-07 08:53:22,534 - INFO - Sequences re-created successfully.
2025-10-07 08:53:22,535 - INFO - DataLoaders for train, val, and test are ready.
2025-10-07 08:53:22,536 - INFO - Initializing LSTM model for fine-tuning...
2025-10-07 08:53:22,652 - INFO - Using device: cuda
2025-10-07 08:53:22,653 - INFO - Loading pretrained model state dict from /data/A-SpeedTransformer/models/lstm/experiments/mobis_lstm_sweeps/mobis_lr5e-4_bs128_h256_l3_do0.1/best_model.pth...
2025-10-07 08:53:22,902 - INFO - Inferred hyperparameters from pretrained model:
2025-10-07 08:53:22,902 - INFO -   Hidden size: 256 (arg: 256)
2025-10-07 08:53:22,902 - INFO -   Num layers: 3 (arg: 2)
2025-10-07 08:53:22,902 - INFO -   Using inferred values to ensure compatibility
2025-10-07 08:53:22,965 - INFO - Loading pretrained model weights...
2025-10-07 08:53:22,966 - INFO - Pretrained model weights loaded successfully.
2025-10-07 08:53:29,277 - INFO - Optimizer re-initialized for fine-tuning.
2025-10-07 08:53:29,279 - INFO - Starting fine-tuning for up to 40 epochs...
2025-10-07 08:53:29,280 - INFO - Epoch 1/40
2025-10-07 08:53:30,293 - INFO - Train Loss: 1.2225, Train Acc: 68.25%
2025-10-07 08:53:32,877 - INFO - Val Loss: 1.3388, Val Acc: 64.19%
2025-10-07 08:53:33,014 - INFO - Best model saved with validation accuracy: 64.19%
2025-10-07 08:53:33,014 - INFO - Epoch 2/40
2025-10-07 08:53:33,639 - INFO - Train Loss: 1.1065, Train Acc: 71.36%
2025-10-07 08:53:36,023 - INFO - Val Loss: 1.2406, Val Acc: 66.18%
2025-10-07 08:53:36,164 - INFO - Best model saved with validation accuracy: 66.18%
2025-10-07 08:53:36,164 - INFO - Epoch 3/40
2025-10-07 08:53:36,731 - INFO - Train Loss: 1.0406, Train Acc: 73.59%
2025-10-07 08:53:39,038 - INFO - Val Loss: 1.1580, Val Acc: 68.03%
2025-10-07 08:53:39,152 - INFO - Best model saved with validation accuracy: 68.03%
2025-10-07 08:53:39,153 - INFO - Epoch 4/40
2025-10-07 08:53:39,758 - INFO - Train Loss: 0.9896, Train Acc: 73.74%
2025-10-07 08:53:41,935 - INFO - Val Loss: 1.0881, Val Acc: 69.61%
2025-10-07 08:53:42,112 - INFO - Best model saved with validation accuracy: 69.61%
2025-10-07 08:53:42,112 - INFO - Epoch 5/40
2025-10-07 08:53:42,725 - INFO - Train Loss: 0.9644, Train Acc: 73.44%
2025-10-07 08:53:45,029 - INFO - Val Loss: 1.0336, Val Acc: 70.53%
2025-10-07 08:53:45,177 - INFO - Best model saved with validation accuracy: 70.53%
2025-10-07 08:53:45,177 - INFO - Epoch 6/40
2025-10-07 08:53:45,916 - INFO - Train Loss: 0.8763, Train Acc: 74.04%
2025-10-07 08:53:48,113 - INFO - Val Loss: 0.9897, Val Acc: 71.35%
2025-10-07 08:53:48,244 - INFO - Best model saved with validation accuracy: 71.35%
2025-10-07 08:53:48,244 - INFO - Epoch 7/40
2025-10-07 08:53:48,808 - INFO - Train Loss: 0.8334, Train Acc: 74.18%
2025-10-07 08:53:50,723 - INFO - Val Loss: 0.9542, Val Acc: 72.10%
2025-10-07 08:53:50,911 - INFO - Best model saved with validation accuracy: 72.10%
2025-10-07 08:53:50,912 - INFO - Epoch 8/40
2025-10-07 08:53:51,418 - INFO - Train Loss: 0.8283, Train Acc: 75.37%
2025-10-07 08:53:53,369 - INFO - Val Loss: 0.9224, Val Acc: 72.69%
2025-10-07 08:53:53,500 - INFO - Best model saved with validation accuracy: 72.69%
2025-10-07 08:53:53,500 - INFO - Epoch 9/40
2025-10-07 08:53:54,035 - INFO - Train Loss: 0.7613, Train Acc: 75.07%
2025-10-07 08:53:56,145 - INFO - Val Loss: 0.8884, Val Acc: 73.34%
2025-10-07 08:53:56,258 - INFO - Best model saved with validation accuracy: 73.34%
2025-10-07 08:53:56,258 - INFO - Epoch 10/40
2025-10-07 08:53:56,774 - INFO - Train Loss: 0.7250, Train Acc: 76.41%
2025-10-07 08:53:58,952 - INFO - Val Loss: 0.8546, Val Acc: 73.83%
2025-10-07 08:53:59,075 - INFO - Best model saved with validation accuracy: 73.83%
2025-10-07 08:53:59,076 - INFO - Epoch 11/40
2025-10-07 08:53:59,621 - INFO - Train Loss: 0.7228, Train Acc: 76.85%
2025-10-07 08:54:01,902 - INFO - Val Loss: 0.8217, Val Acc: 74.44%
2025-10-07 08:54:02,074 - INFO - Best model saved with validation accuracy: 74.44%
2025-10-07 08:54:02,074 - INFO - Epoch 12/40
2025-10-07 08:54:02,607 - INFO - Train Loss: 0.7155, Train Acc: 77.15%
2025-10-07 08:54:04,763 - INFO - Val Loss: 0.7922, Val Acc: 74.96%
2025-10-07 08:54:04,945 - INFO - Best model saved with validation accuracy: 74.96%
2025-10-07 08:54:04,945 - INFO - Epoch 13/40
2025-10-07 08:54:05,473 - INFO - Train Loss: 0.6330, Train Acc: 80.42%
2025-10-07 08:54:08,094 - INFO - Val Loss: 0.7611, Val Acc: 75.50%
2025-10-07 08:54:08,244 - INFO - Best model saved with validation accuracy: 75.50%
2025-10-07 08:54:08,247 - INFO - Epoch 14/40
2025-10-07 08:54:08,842 - INFO - Train Loss: 0.6377, Train Acc: 80.71%
2025-10-07 08:54:10,902 - INFO - Val Loss: 0.7303, Val Acc: 76.05%
2025-10-07 08:54:11,010 - INFO - Best model saved with validation accuracy: 76.05%
2025-10-07 08:54:11,010 - INFO - Epoch 15/40
2025-10-07 08:54:11,489 - INFO - Train Loss: 0.5901, Train Acc: 81.31%
2025-10-07 08:54:13,474 - INFO - Val Loss: 0.7001, Val Acc: 76.59%
2025-10-07 08:54:13,585 - INFO - Best model saved with validation accuracy: 76.59%
2025-10-07 08:54:13,586 - INFO - Epoch 16/40
2025-10-07 08:54:14,173 - INFO - Train Loss: 0.5605, Train Acc: 80.56%
2025-10-07 08:54:16,076 - INFO - Val Loss: 0.6794, Val Acc: 76.75%
2025-10-07 08:54:16,194 - INFO - Best model saved with validation accuracy: 76.75%
2025-10-07 08:54:16,194 - INFO - Epoch 17/40
2025-10-07 08:54:16,702 - INFO - Train Loss: 0.5279, Train Acc: 83.83%
2025-10-07 08:54:18,617 - INFO - Val Loss: 0.6581, Val Acc: 77.14%
2025-10-07 08:54:18,719 - INFO - Best model saved with validation accuracy: 77.14%
2025-10-07 08:54:18,720 - INFO - Epoch 18/40
2025-10-07 08:54:19,228 - INFO - Train Loss: 0.5123, Train Acc: 82.94%
2025-10-07 08:54:21,225 - INFO - Val Loss: 0.6334, Val Acc: 77.75%
2025-10-07 08:54:21,342 - INFO - Best model saved with validation accuracy: 77.75%
2025-10-07 08:54:21,342 - INFO - Epoch 19/40
2025-10-07 08:54:21,881 - INFO - Train Loss: 0.4933, Train Acc: 82.94%
2025-10-07 08:54:23,868 - INFO - Val Loss: 0.6060, Val Acc: 78.39%
2025-10-07 08:54:23,975 - INFO - Best model saved with validation accuracy: 78.39%
2025-10-07 08:54:23,975 - INFO - Epoch 20/40
2025-10-07 08:54:24,462 - INFO - Train Loss: 0.4576, Train Acc: 82.79%
2025-10-07 08:54:26,382 - INFO - Val Loss: 0.5807, Val Acc: 79.03%
2025-10-07 08:54:26,487 - INFO - Best model saved with validation accuracy: 79.03%
2025-10-07 08:54:26,487 - INFO - Epoch 21/40
2025-10-07 08:54:26,987 - INFO - Train Loss: 0.4358, Train Acc: 84.57%
2025-10-07 08:54:29,088 - INFO - Val Loss: 0.5583, Val Acc: 79.62%
2025-10-07 08:54:29,227 - INFO - Best model saved with validation accuracy: 79.62%
2025-10-07 08:54:29,227 - INFO - Epoch 22/40
2025-10-07 08:54:29,729 - INFO - Train Loss: 0.4188, Train Acc: 85.31%
2025-10-07 08:54:31,968 - INFO - Val Loss: 0.5443, Val Acc: 79.94%
2025-10-07 08:54:32,086 - INFO - Best model saved with validation accuracy: 79.94%
2025-10-07 08:54:32,086 - INFO - Epoch 23/40
2025-10-07 08:54:32,579 - INFO - Train Loss: 0.3776, Train Acc: 87.24%
2025-10-07 08:54:34,523 - INFO - Val Loss: 0.5248, Val Acc: 80.68%
2025-10-07 08:54:34,648 - INFO - Best model saved with validation accuracy: 80.68%
2025-10-07 08:54:34,648 - INFO - Epoch 24/40
2025-10-07 08:54:35,150 - INFO - Train Loss: 0.3835, Train Acc: 86.80%
2025-10-07 08:54:37,287 - INFO - Val Loss: 0.5074, Val Acc: 81.38%
2025-10-07 08:54:37,400 - INFO - Best model saved with validation accuracy: 81.38%
2025-10-07 08:54:37,401 - INFO - Epoch 25/40
2025-10-07 08:54:37,913 - INFO - Train Loss: 0.3580, Train Acc: 86.80%
2025-10-07 08:54:40,161 - INFO - Val Loss: 0.4938, Val Acc: 82.01%
2025-10-07 08:54:40,296 - INFO - Best model saved with validation accuracy: 82.01%
2025-10-07 08:54:40,296 - INFO - Epoch 26/40
2025-10-07 08:54:40,821 - INFO - Train Loss: 0.3307, Train Acc: 88.13%
2025-10-07 08:54:43,172 - INFO - Val Loss: 0.4847, Val Acc: 82.60%
2025-10-07 08:54:43,298 - INFO - Best model saved with validation accuracy: 82.60%
2025-10-07 08:54:43,299 - INFO - Epoch 27/40
2025-10-07 08:54:43,814 - INFO - Train Loss: 0.3134, Train Acc: 88.72%
2025-10-07 08:54:46,090 - INFO - Val Loss: 0.4731, Val Acc: 83.40%
2025-10-07 08:54:46,207 - INFO - Best model saved with validation accuracy: 83.40%
2025-10-07 08:54:46,207 - INFO - Epoch 28/40
2025-10-07 08:54:46,700 - INFO - Train Loss: 0.3119, Train Acc: 87.54%
2025-10-07 08:54:49,035 - INFO - Val Loss: 0.4677, Val Acc: 83.93%
2025-10-07 08:54:49,177 - INFO - Best model saved with validation accuracy: 83.93%
2025-10-07 08:54:49,177 - INFO - Epoch 29/40
2025-10-07 08:54:49,690 - INFO - Train Loss: 0.2989, Train Acc: 89.61%
2025-10-07 08:54:51,853 - INFO - Val Loss: 0.4624, Val Acc: 84.49%
2025-10-07 08:54:52,057 - INFO - Best model saved with validation accuracy: 84.49%
2025-10-07 08:54:52,058 - INFO - Epoch 30/40
2025-10-07 08:54:52,641 - INFO - Train Loss: 0.2819, Train Acc: 89.61%
2025-10-07 08:54:54,757 - INFO - Val Loss: 0.4618, Val Acc: 84.60%
2025-10-07 08:54:54,942 - INFO - Best model saved with validation accuracy: 84.60%
2025-10-07 08:54:54,942 - INFO - Epoch 31/40
2025-10-07 08:54:55,478 - INFO - Train Loss: 0.2753, Train Acc: 89.61%
2025-10-07 08:54:57,609 - INFO - Val Loss: 0.4658, Val Acc: 84.24%
2025-10-07 08:54:57,609 - INFO - No improvement for 1 epoch(s).
2025-10-07 08:54:57,614 - INFO - Epoch 32/40
2025-10-07 08:54:58,136 - INFO - Train Loss: 0.2644, Train Acc: 91.25%
2025-10-07 08:55:00,313 - INFO - Val Loss: 0.4550, Val Acc: 84.64%
2025-10-07 08:55:00,469 - INFO - Best model saved with validation accuracy: 84.64%
2025-10-07 08:55:00,470 - INFO - Epoch 33/40
2025-10-07 08:55:00,965 - INFO - Train Loss: 0.2568, Train Acc: 90.80%
2025-10-07 08:55:03,355 - INFO - Val Loss: 0.4478, Val Acc: 84.98%
2025-10-07 08:55:03,482 - INFO - Best model saved with validation accuracy: 84.98%
2025-10-07 08:55:03,483 - INFO - Epoch 34/40
2025-10-07 08:55:04,013 - INFO - Train Loss: 0.2679, Train Acc: 90.36%
2025-10-07 08:55:06,140 - INFO - Val Loss: 0.4408, Val Acc: 85.34%
2025-10-07 08:55:06,302 - INFO - Best model saved with validation accuracy: 85.34%
2025-10-07 08:55:06,303 - INFO - Epoch 35/40
2025-10-07 08:55:06,800 - INFO - Train Loss: 0.2548, Train Acc: 89.91%
2025-10-07 08:55:08,806 - INFO - Val Loss: 0.4453, Val Acc: 84.97%
2025-10-07 08:55:08,806 - INFO - No improvement for 1 epoch(s).
2025-10-07 08:55:08,808 - INFO - Epoch 36/40
2025-10-07 08:55:09,361 - INFO - Train Loss: 0.2520, Train Acc: 90.06%
2025-10-07 08:55:11,484 - INFO - Val Loss: 0.4630, Val Acc: 83.74%
2025-10-07 08:55:11,485 - INFO - No improvement for 2 epoch(s).
2025-10-07 08:55:11,486 - INFO - Epoch 37/40
2025-10-07 08:55:11,993 - INFO - Train Loss: 0.2549, Train Acc: 90.50%
2025-10-07 08:55:14,316 - INFO - Val Loss: 0.4447, Val Acc: 85.12%
2025-10-07 08:55:14,316 - INFO - No improvement for 3 epoch(s).
2025-10-07 08:55:14,318 - INFO - Early stopping triggered!
2025-10-07 08:55:14,318 - INFO - Fine-tuning completed.
2025-10-07 08:55:14,318 - INFO - Evaluating the fine-tuned model on the test set...
2025-10-07 08:55:16,279 - INFO - Test Accuracy: 85.39%
2025-10-07 08:55:16,299 - INFO - Classification Report:
              precision    recall  f1-score   support

        bike       0.91      0.86      0.88      2704
         bus       0.95      0.87      0.91      3661
         car       0.63      0.87      0.73      2285
       train       0.80      0.56      0.66      2295
        walk       0.93      0.97      0.95      4480

    accuracy                           0.85     15425
   macro avg       0.84      0.83      0.83     15425
weighted avg       0.87      0.85      0.85     15425

2025-10-07 08:55:16,421 - INFO - Evaluation completed. Fine-tuning script finished successfully.
2025-10-07 09:18:38,804 - INFO - Initializing DataHandler for fine-tuning...
2025-10-07 09:18:38,804 - INFO - Loading and processing the data...
2025-10-07 09:18:50,696 - INFO - Data loaded and processed successfully.
2025-10-07 09:18:50,696 - INFO - Loading scaler from /data/A-SpeedTransformer/models/lstm/experiments/mobis_lstm_sweeps/mobis_lr5e-4_bs128_h256_l3_do0.1/scaler.joblib...
2025-10-07 09:18:50,701 - INFO - Scaler overwritten with saved scaler.
2025-10-07 09:18:50,701 - INFO - Loading label encoder from /data/A-SpeedTransformer/models/lstm/experiments/mobis_lstm_sweeps/mobis_lr5e-4_bs128_h256_l3_do0.1/label_encoder.joblib...
2025-10-07 09:18:50,716 - INFO - Label encoder overwritten with saved encoder.
2025-10-07 09:18:50,716 - INFO - Re-building datasets using the loaded scaler/encoder...
2025-10-07 09:18:59,794 - INFO - Sequences re-created successfully.
2025-10-07 09:18:59,794 - INFO - DataLoaders for train, val, and test are ready.
2025-10-07 09:18:59,796 - INFO - Initializing LSTM model for fine-tuning...
2025-10-07 09:18:59,912 - INFO - Using device: cuda
2025-10-07 09:18:59,912 - INFO - Loading pretrained model state dict from /data/A-SpeedTransformer/models/lstm/experiments/mobis_lstm_sweeps/mobis_lr5e-4_bs128_h256_l3_do0.1/best_model.pth...
2025-10-07 09:19:00,149 - INFO - Inferred hyperparameters from pretrained model:
2025-10-07 09:19:00,149 - INFO -   Hidden size: 256 (arg: 256)
2025-10-07 09:19:00,149 - INFO -   Num layers: 3 (arg: 2)
2025-10-07 09:19:00,149 - INFO -   Using inferred values to ensure compatibility
2025-10-07 09:19:00,197 - INFO - Loading pretrained model weights...
2025-10-07 09:19:00,198 - INFO - Pretrained model weights loaded successfully.
2025-10-07 09:19:05,538 - INFO - Optimizer re-initialized for fine-tuning.
2025-10-07 09:19:05,539 - INFO - Starting fine-tuning for up to 20 epochs...
2025-10-07 09:19:05,540 - INFO - Epoch 1/20
2025-10-07 09:19:06,331 - INFO - Train Loss: 1.2243, Train Acc: 70.89%
2025-10-07 09:19:08,230 - INFO - Val Loss: 1.3688, Val Acc: 64.16%
2025-10-07 09:19:08,435 - INFO - Best model saved with validation accuracy: 64.16%
2025-10-07 09:19:08,435 - INFO - Epoch 2/20
2025-10-07 09:19:08,794 - INFO - Train Loss: 1.1176, Train Acc: 70.38%
2025-10-07 09:19:10,649 - INFO - Val Loss: 1.2947, Val Acc: 65.72%
2025-10-07 09:19:10,777 - INFO - Best model saved with validation accuracy: 65.72%
2025-10-07 09:19:10,777 - INFO - Epoch 3/20
2025-10-07 09:19:11,124 - INFO - Train Loss: 1.0438, Train Acc: 72.91%
2025-10-07 09:19:13,014 - INFO - Val Loss: 1.2283, Val Acc: 67.52%
2025-10-07 09:19:13,183 - INFO - Best model saved with validation accuracy: 67.52%
2025-10-07 09:19:13,183 - INFO - Epoch 4/20
2025-10-07 09:19:13,537 - INFO - Train Loss: 1.1140, Train Acc: 72.15%
2025-10-07 09:19:15,447 - INFO - Val Loss: 1.1714, Val Acc: 68.63%
2025-10-07 09:19:15,619 - INFO - Best model saved with validation accuracy: 68.63%
2025-10-07 09:19:15,620 - INFO - Epoch 5/20
2025-10-07 09:19:15,978 - INFO - Train Loss: 0.9580, Train Acc: 72.91%
2025-10-07 09:19:18,125 - INFO - Val Loss: 1.1252, Val Acc: 69.11%
2025-10-07 09:19:18,255 - INFO - Best model saved with validation accuracy: 69.11%
2025-10-07 09:19:18,256 - INFO - Epoch 6/20
2025-10-07 09:19:18,604 - INFO - Train Loss: 0.9929, Train Acc: 71.65%
2025-10-07 09:19:20,953 - INFO - Val Loss: 1.0863, Val Acc: 69.45%
2025-10-07 09:19:21,097 - INFO - Best model saved with validation accuracy: 69.45%
2025-10-07 09:19:21,097 - INFO - Epoch 7/20
2025-10-07 09:19:21,453 - INFO - Train Loss: 0.9836, Train Acc: 71.90%
2025-10-07 09:19:23,895 - INFO - Val Loss: 1.0519, Val Acc: 70.09%
2025-10-07 09:19:24,078 - INFO - Best model saved with validation accuracy: 70.09%
2025-10-07 09:19:24,078 - INFO - Epoch 8/20
2025-10-07 09:19:24,472 - INFO - Train Loss: 0.8480, Train Acc: 71.90%
2025-10-07 09:19:26,609 - INFO - Val Loss: 1.0185, Val Acc: 70.81%
2025-10-07 09:19:26,730 - INFO - Best model saved with validation accuracy: 70.81%
2025-10-07 09:19:26,730 - INFO - Epoch 9/20
2025-10-07 09:19:27,087 - INFO - Train Loss: 0.8566, Train Acc: 75.19%
2025-10-07 09:19:29,033 - INFO - Val Loss: 0.9909, Val Acc: 71.54%
2025-10-07 09:19:29,233 - INFO - Best model saved with validation accuracy: 71.54%
2025-10-07 09:19:29,233 - INFO - Epoch 10/20
2025-10-07 09:19:29,612 - INFO - Train Loss: 0.7826, Train Acc: 77.97%
2025-10-07 09:19:31,640 - INFO - Val Loss: 0.9642, Val Acc: 72.12%
2025-10-07 09:19:31,756 - INFO - Best model saved with validation accuracy: 72.12%
2025-10-07 09:19:31,756 - INFO - Epoch 11/20
2025-10-07 09:19:32,110 - INFO - Train Loss: 0.8082, Train Acc: 76.96%
2025-10-07 09:19:34,138 - INFO - Val Loss: 0.9380, Val Acc: 72.67%
2025-10-07 09:19:34,286 - INFO - Best model saved with validation accuracy: 72.67%
2025-10-07 09:19:34,287 - INFO - Epoch 12/20
2025-10-07 09:19:34,658 - INFO - Train Loss: 0.7435, Train Acc: 78.23%
2025-10-07 09:19:37,058 - INFO - Val Loss: 0.9134, Val Acc: 73.10%
2025-10-07 09:19:37,222 - INFO - Best model saved with validation accuracy: 73.10%
2025-10-07 09:19:37,222 - INFO - Epoch 13/20
2025-10-07 09:19:37,596 - INFO - Train Loss: 0.7376, Train Acc: 77.97%
2025-10-07 09:19:39,492 - INFO - Val Loss: 0.8929, Val Acc: 73.43%
2025-10-07 09:19:39,603 - INFO - Best model saved with validation accuracy: 73.43%
2025-10-07 09:19:39,604 - INFO - Epoch 14/20
2025-10-07 09:19:39,975 - INFO - Train Loss: 0.7483, Train Acc: 77.47%
2025-10-07 09:19:42,106 - INFO - Val Loss: 0.8704, Val Acc: 73.86%
2025-10-07 09:19:42,263 - INFO - Best model saved with validation accuracy: 73.86%
2025-10-07 09:19:42,264 - INFO - Epoch 15/20
2025-10-07 09:19:42,600 - INFO - Train Loss: 0.7287, Train Acc: 78.73%
2025-10-07 09:19:44,474 - INFO - Val Loss: 0.8480, Val Acc: 74.31%
2025-10-07 09:19:44,616 - INFO - Best model saved with validation accuracy: 74.31%
2025-10-07 09:19:44,617 - INFO - Epoch 16/20
2025-10-07 09:19:44,972 - INFO - Train Loss: 0.6904, Train Acc: 78.73%
2025-10-07 09:19:46,832 - INFO - Val Loss: 0.8227, Val Acc: 74.72%
2025-10-07 09:19:46,940 - INFO - Best model saved with validation accuracy: 74.72%
2025-10-07 09:19:46,940 - INFO - Epoch 17/20
2025-10-07 09:19:47,265 - INFO - Train Loss: 0.6522, Train Acc: 81.01%
2025-10-07 09:19:49,104 - INFO - Val Loss: 0.7992, Val Acc: 75.27%
2025-10-07 09:19:49,353 - INFO - Best model saved with validation accuracy: 75.27%
2025-10-07 09:19:49,353 - INFO - Epoch 18/20
2025-10-07 09:19:49,691 - INFO - Train Loss: 0.6402, Train Acc: 80.00%
2025-10-07 09:19:51,723 - INFO - Val Loss: 0.7809, Val Acc: 75.57%
2025-10-07 09:19:51,883 - INFO - Best model saved with validation accuracy: 75.57%
2025-10-07 09:19:51,883 - INFO - Epoch 19/20
2025-10-07 09:19:52,228 - INFO - Train Loss: 0.5964, Train Acc: 81.27%
2025-10-07 09:19:54,110 - INFO - Val Loss: 0.7635, Val Acc: 75.98%
2025-10-07 09:19:54,299 - INFO - Best model saved with validation accuracy: 75.98%
2025-10-07 09:19:54,299 - INFO - Epoch 20/20
2025-10-07 09:19:54,648 - INFO - Train Loss: 0.5939, Train Acc: 80.25%
2025-10-07 09:19:56,527 - INFO - Val Loss: 0.7479, Val Acc: 76.48%
2025-10-07 09:19:56,642 - INFO - Best model saved with validation accuracy: 76.48%
2025-10-07 09:19:56,642 - INFO - Fine-tuning completed.
2025-10-07 09:19:56,642 - INFO - Evaluating the fine-tuned model on the test set...
2025-10-07 09:19:58,497 - INFO - Test Accuracy: 75.47%
2025-10-07 09:19:58,520 - INFO - Classification Report:
              precision    recall  f1-score   support

        bike       0.65      0.66      0.65      2710
         bus       0.87      0.87      0.87      3609
         car       0.52      0.72      0.60      2309
       train       0.69      0.61      0.64      2620
        walk       0.96      0.82      0.88      4650

    accuracy                           0.75     15898
   macro avg       0.74      0.74      0.73     15898
weighted avg       0.78      0.75      0.76     15898

2025-10-07 09:19:58,650 - INFO - Evaluation completed. Fine-tuning script finished successfully.
2025-10-07 09:22:38,652 - INFO - Initializing DataHandler for fine-tuning...
2025-10-07 09:22:38,652 - INFO - Loading and processing the data...
2025-10-07 09:22:51,379 - INFO - Data loaded and processed successfully.
2025-10-07 09:22:51,379 - INFO - Loading scaler from /data/A-SpeedTransformer/models/lstm/experiments/mobis_lstm_sweeps/mobis_lr5e-4_bs128_h256_l3_do0.1/scaler.joblib...
2025-10-07 09:22:51,383 - INFO - Scaler overwritten with saved scaler.
2025-10-07 09:22:51,383 - INFO - Loading label encoder from /data/A-SpeedTransformer/models/lstm/experiments/mobis_lstm_sweeps/mobis_lr5e-4_bs128_h256_l3_do0.1/label_encoder.joblib...
2025-10-07 09:22:51,386 - INFO - Label encoder overwritten with saved encoder.
2025-10-07 09:22:51,386 - INFO - Re-building datasets using the loaded scaler/encoder...
2025-10-07 09:23:00,500 - INFO - Sequences re-created successfully.
2025-10-07 09:23:00,501 - INFO - DataLoaders for train, val, and test are ready.
2025-10-07 09:23:00,504 - INFO - Initializing LSTM model for fine-tuning...
2025-10-07 09:23:00,621 - INFO - Using device: cuda
2025-10-07 09:23:00,621 - INFO - Loading pretrained model state dict from /data/A-SpeedTransformer/models/lstm/experiments/mobis_lstm_sweeps/mobis_lr5e-4_bs128_h256_l3_do0.1/best_model.pth...
2025-10-07 09:23:00,841 - INFO - Inferred hyperparameters from pretrained model:
2025-10-07 09:23:00,841 - INFO -   Hidden size: 256 (arg: 256)
2025-10-07 09:23:00,841 - INFO -   Num layers: 3 (arg: 2)
2025-10-07 09:23:00,841 - INFO -   Using inferred values to ensure compatibility
2025-10-07 09:23:00,897 - INFO - Loading pretrained model weights...
2025-10-07 09:23:00,898 - INFO - Pretrained model weights loaded successfully.
2025-10-07 09:23:05,700 - INFO - Optimizer re-initialized for fine-tuning.
2025-10-07 09:23:05,701 - INFO - Starting fine-tuning for up to 20 epochs...
2025-10-07 09:23:05,703 - INFO - Epoch 1/20
2025-10-07 09:23:06,580 - INFO - Train Loss: 1.2225, Train Acc: 68.25%
2025-10-07 09:23:08,527 - INFO - Val Loss: 1.3388, Val Acc: 64.19%
2025-10-07 09:23:08,671 - INFO - Best model saved with validation accuracy: 64.19%
2025-10-07 09:23:08,671 - INFO - Epoch 2/20
2025-10-07 09:23:09,206 - INFO - Train Loss: 1.1065, Train Acc: 71.36%
2025-10-07 09:23:11,583 - INFO - Val Loss: 1.2406, Val Acc: 66.18%
2025-10-07 09:23:11,754 - INFO - Best model saved with validation accuracy: 66.18%
2025-10-07 09:23:11,755 - INFO - Epoch 3/20
2025-10-07 09:23:12,259 - INFO - Train Loss: 1.0406, Train Acc: 73.59%
2025-10-07 09:23:14,422 - INFO - Val Loss: 1.1580, Val Acc: 68.03%
2025-10-07 09:23:14,563 - INFO - Best model saved with validation accuracy: 68.03%
2025-10-07 09:23:14,563 - INFO - Epoch 4/20
2025-10-07 09:23:15,062 - INFO - Train Loss: 0.9896, Train Acc: 73.74%
2025-10-07 09:23:17,062 - INFO - Val Loss: 1.0881, Val Acc: 69.61%
2025-10-07 09:23:17,202 - INFO - Best model saved with validation accuracy: 69.61%
2025-10-07 09:23:17,202 - INFO - Epoch 5/20
2025-10-07 09:23:17,709 - INFO - Train Loss: 0.9644, Train Acc: 73.44%
2025-10-07 09:23:19,630 - INFO - Val Loss: 1.0336, Val Acc: 70.53%
2025-10-07 09:23:19,775 - INFO - Best model saved with validation accuracy: 70.53%
2025-10-07 09:23:19,775 - INFO - Epoch 6/20
2025-10-07 09:23:20,272 - INFO - Train Loss: 0.8763, Train Acc: 74.04%
2025-10-07 09:23:22,433 - INFO - Val Loss: 0.9897, Val Acc: 71.35%
2025-10-07 09:23:22,570 - INFO - Best model saved with validation accuracy: 71.35%
2025-10-07 09:23:22,570 - INFO - Epoch 7/20
2025-10-07 09:23:23,083 - INFO - Train Loss: 0.8334, Train Acc: 74.18%
2025-10-07 09:23:25,079 - INFO - Val Loss: 0.9542, Val Acc: 72.10%
2025-10-07 09:23:25,245 - INFO - Best model saved with validation accuracy: 72.10%
2025-10-07 09:23:25,245 - INFO - Epoch 8/20
2025-10-07 09:23:25,741 - INFO - Train Loss: 0.8283, Train Acc: 75.37%
2025-10-07 09:23:27,661 - INFO - Val Loss: 0.9224, Val Acc: 72.69%
2025-10-07 09:23:27,825 - INFO - Best model saved with validation accuracy: 72.69%
2025-10-07 09:23:27,825 - INFO - Epoch 9/20
2025-10-07 09:23:28,335 - INFO - Train Loss: 0.7613, Train Acc: 75.07%
2025-10-07 09:23:30,472 - INFO - Val Loss: 0.8884, Val Acc: 73.34%
2025-10-07 09:23:30,684 - INFO - Best model saved with validation accuracy: 73.34%
2025-10-07 09:23:30,684 - INFO - Epoch 10/20
2025-10-07 09:23:31,237 - INFO - Train Loss: 0.7250, Train Acc: 76.41%
2025-10-07 09:23:33,350 - INFO - Val Loss: 0.8546, Val Acc: 73.83%
2025-10-07 09:23:33,471 - INFO - Best model saved with validation accuracy: 73.83%
2025-10-07 09:23:33,471 - INFO - Epoch 11/20
2025-10-07 09:23:33,995 - INFO - Train Loss: 0.7228, Train Acc: 76.85%
2025-10-07 09:23:35,967 - INFO - Val Loss: 0.8217, Val Acc: 74.44%
2025-10-07 09:23:36,198 - INFO - Best model saved with validation accuracy: 74.44%
2025-10-07 09:23:36,198 - INFO - Epoch 12/20
2025-10-07 09:23:36,684 - INFO - Train Loss: 0.7155, Train Acc: 77.15%
2025-10-07 09:23:38,790 - INFO - Val Loss: 0.7922, Val Acc: 74.96%
2025-10-07 09:23:38,913 - INFO - Best model saved with validation accuracy: 74.96%
2025-10-07 09:23:38,914 - INFO - Epoch 13/20
2025-10-07 09:23:39,410 - INFO - Train Loss: 0.6330, Train Acc: 80.42%
2025-10-07 09:23:41,379 - INFO - Val Loss: 0.7611, Val Acc: 75.50%
2025-10-07 09:23:41,484 - INFO - Best model saved with validation accuracy: 75.50%
2025-10-07 09:23:41,484 - INFO - Epoch 14/20
2025-10-07 09:23:41,967 - INFO - Train Loss: 0.6377, Train Acc: 80.71%
2025-10-07 09:23:44,099 - INFO - Val Loss: 0.7303, Val Acc: 76.05%
2025-10-07 09:23:44,242 - INFO - Best model saved with validation accuracy: 76.05%
2025-10-07 09:23:44,242 - INFO - Epoch 15/20
2025-10-07 09:23:44,712 - INFO - Train Loss: 0.5901, Train Acc: 81.31%
2025-10-07 09:23:46,710 - INFO - Val Loss: 0.7001, Val Acc: 76.59%
2025-10-07 09:23:46,833 - INFO - Best model saved with validation accuracy: 76.59%
2025-10-07 09:23:46,833 - INFO - Epoch 16/20
2025-10-07 09:23:47,289 - INFO - Train Loss: 0.5605, Train Acc: 80.56%
2025-10-07 09:23:49,341 - INFO - Val Loss: 0.6794, Val Acc: 76.75%
2025-10-07 09:23:49,478 - INFO - Best model saved with validation accuracy: 76.75%
2025-10-07 09:23:49,479 - INFO - Epoch 17/20
2025-10-07 09:23:49,939 - INFO - Train Loss: 0.5279, Train Acc: 83.83%
2025-10-07 09:23:52,000 - INFO - Val Loss: 0.6581, Val Acc: 77.14%
2025-10-07 09:23:52,233 - INFO - Best model saved with validation accuracy: 77.14%
2025-10-07 09:23:52,233 - INFO - Epoch 18/20
2025-10-07 09:23:52,707 - INFO - Train Loss: 0.5123, Train Acc: 82.94%
2025-10-07 09:23:54,657 - INFO - Val Loss: 0.6334, Val Acc: 77.75%
2025-10-07 09:23:54,819 - INFO - Best model saved with validation accuracy: 77.75%
2025-10-07 09:23:54,820 - INFO - Epoch 19/20
2025-10-07 09:23:55,335 - INFO - Train Loss: 0.4933, Train Acc: 82.94%
2025-10-07 09:23:57,345 - INFO - Val Loss: 0.6060, Val Acc: 78.39%
2025-10-07 09:23:57,458 - INFO - Best model saved with validation accuracy: 78.39%
2025-10-07 09:23:57,458 - INFO - Epoch 20/20
2025-10-07 09:23:58,000 - INFO - Train Loss: 0.4576, Train Acc: 82.79%
2025-10-07 09:23:59,878 - INFO - Val Loss: 0.5807, Val Acc: 79.03%
2025-10-07 09:24:00,027 - INFO - Best model saved with validation accuracy: 79.03%
2025-10-07 09:24:00,028 - INFO - Fine-tuning completed.
2025-10-07 09:24:00,028 - INFO - Evaluating the fine-tuned model on the test set...
2025-10-07 09:24:02,050 - INFO - Test Accuracy: 79.15%
2025-10-07 09:24:02,071 - INFO - Classification Report:
              precision    recall  f1-score   support

        bike       0.78      0.73      0.75      2704
         bus       0.92      0.87      0.89      3661
         car       0.53      0.83      0.65      2285
       train       0.72      0.48      0.57      2295
        walk       0.94      0.91      0.92      4480

    accuracy                           0.79     15425
   macro avg       0.78      0.76      0.76     15425
weighted avg       0.81      0.79      0.79     15425

2025-10-07 09:24:02,181 - INFO - Evaluation completed. Fine-tuning script finished successfully.
